flight_id,route,departure_date,days_before_departure,checkpoint_date,booked_passengers,load_factor_pct,historical_load_factor_pct,gap_pp,historical_peer_count,is_synthetic
KEF-CPH-20261008,KEF-CPH,2026-10-08,60,2026-08-09,24,13.333333333333334,20.185185185185187,-6.851851851851853,33,True
KEF-CPH-20261008,KEF-CPH,2026-10-08,45,2026-08-24,41,22.77777777777778,32.02020202020202,-9.242424242424242,33,True
KEF-CPH-20261008,KEF-CPH,2026-10-08,30,2026-09-08,67,37.22222222222222,48.9057239057239,-11.683501683501682,33,True
KEF-CPH-20261008,KEF-CPH,2026-10-08,21,2026-09-17,86,47.77777777777778,60.48821548821549,-12.71043771043771,33,True
KEF-CPH-20261008,KEF-CPH,2026-10-08,14,2026-09-24,101,56.111111111111114,69.05723905723906,-12.946127946127945,33,True
KEF-CPH-20261008,KEF-CPH,2026-10-08,10,2026-09-28,109,60.55555555555556,73.93939393939394,-13.38383838383838,33,True
KEF-CPH-20261008,KEF-CPH,2026-10-08,7,2026-10-01,113,62.77777777777778,76.96969696969697,-14.19191919191919,33,True
KEF-CPH-20261008,KEF-CPH,2026-10-08,4,2026-10-04,120,66.66666666666667,79.56228956228956,-12.895622895622893,33,True
KEF-CPH-20261008,KEF-CPH,2026-10-08,1,2026-10-07,121,67.22222222222223,80.72390572390573,-13.501683501683502,33,True
KEF-CPH-20261011,KEF-CPH,2026-10-11,60,2026-08-12,37,20.555555555555557,20.185185185185187,0.37037037037037024,33,True
KEF-CPH-20261011,KEF-CPH,2026-10-11,45,2026-08-27,61,33.888888888888886,32.02020202020202,1.868686868686865,33,True
KEF-CPH-20261011,KEF-CPH,2026-10-11,30,2026-09-11,88,48.888888888888886,48.9057239057239,-0.016835016835017313,33,True
KEF-CPH-20261011,KEF-CPH,2026-10-11,21,2026-09-20,111,61.666666666666664,60.48821548821549,1.1784511784511764,33,True
KEF-CPH-20261011,KEF-CPH,2026-10-11,14,2026-09-27,125,69.44444444444444,69.05723905723906,0.387205387205384,33,True
KEF-CPH-20261011,KEF-CPH,2026-10-11,10,2026-10-01,132,73.33333333333333,73.93939393939394,-0.6060606060606091,33,True
KEF-CPH-20261011,KEF-CPH,2026-10-11,7,2026-10-04,137,76.11111111111111,76.96969696969697,-0.8585858585858546,33,True
KEF-CPH-20261011,KEF-CPH,2026-10-11,4,2026-10-07,140,77.77777777777777,79.56228956228956,-1.7845117845117926,33,True
KEF-CPH-20261014,KEF-CPH,2026-10-14,60,2026-08-15,46,25.555555555555557,20.185185185185187,5.37037037037037,33,True
KEF-CPH-20261014,KEF-CPH,2026-10-14,45,2026-08-30,61,33.888888888888886,32.02020202020202,1.868686868686865,33,True
KEF-CPH-20261014,KEF-CPH,2026-10-14,30,2026-09-14,86,47.77777777777778,48.9057239057239,-1.1279461279461245,33,True
KEF-CPH-20261014,KEF-CPH,2026-10-14,21,2026-09-23,105,58.333333333333336,60.48821548821549,-2.154882154882152,33,True
KEF-CPH-20261014,KEF-CPH,2026-10-14,14,2026-09-30,125,69.44444444444444,69.05723905723906,0.387205387205384,33,True
KEF-CPH-20261014,KEF-CPH,2026-10-14,10,2026-10-04,138,76.66666666666667,73.93939393939394,2.7272727272727337,33,True
KEF-CPH-20261014,KEF-CPH,2026-10-14,7,2026-10-07,144,80.0,76.96969696969697,3.030303030303031,33,True
KEF-CPH-20261017,KEF-CPH,2026-10-17,60,2026-08-18,29,16.11111111111111,20.185185185185187,-4.074074074074076,33,True
KEF-CPH-20261017,KEF-CPH,2026-10-17,45,2026-09-02,52,28.88888888888889,32.02020202020202,-3.1313131313131315,33,True
KEF-CPH-20261017,KEF-CPH,2026-10-17,30,2026-09-17,84,46.666666666666664,48.9057239057239,-2.2390572390572387,33,True
KEF-CPH-20261017,KEF-CPH,2026-10-17,21,2026-09-26,106,58.888888888888886,60.48821548821549,-1.5993265993266021,33,True
KEF-CPH-20261017,KEF-CPH,2026-10-17,14,2026-10-03,117,65.0,69.05723905723906,-4.057239057239059,33,True
KEF-CPH-20261017,KEF-CPH,2026-10-17,10,2026-10-07,121,67.22222222222223,73.93939393939394,-6.717171717171709,33,True
KEF-CPH-20261020,KEF-CPH,2026-10-20,60,2026-08-21,35,19.444444444444443,20.185185185185187,-0.740740740740744,33,True
KEF-CPH-20261020,KEF-CPH,2026-10-20,45,2026-09-05,48,26.666666666666668,32.02020202020202,-5.353535353535353,33,True
KEF-CPH-20261020,KEF-CPH,2026-10-20,30,2026-09-20,80,44.44444444444444,48.9057239057239,-4.46127946127946,33,True
KEF-CPH-20261020,KEF-CPH,2026-10-20,21,2026-09-29,88,48.888888888888886,60.48821548821549,-11.599326599326602,33,True
KEF-CPH-20261020,KEF-CPH,2026-10-20,14,2026-10-06,99,55.0,69.05723905723906,-14.057239057239059,33,True
KEF-CPH-20261023,KEF-CPH,2026-10-23,60,2026-08-24,32,17.77777777777778,20.185185185185187,-2.4074074074074083,33,True
KEF-CPH-20261023,KEF-CPH,2026-10-23,45,2026-09-08,58,32.22222222222222,32.02020202020202,0.20202020202020066,33,True
KEF-CPH-20261023,KEF-CPH,2026-10-23,30,2026-09-23,87,48.333333333333336,48.9057239057239,-0.5723905723905673,33,True
KEF-CPH-20261023,KEF-CPH,2026-10-23,21,2026-10-02,115,63.888888888888886,60.48821548821549,3.400673400673398,33,True
KEF-CPH-20261026,KEF-CPH,2026-10-26,60,2026-08-27,40,22.22222222222222,20.185185185185187,2.0370370370370345,33,True
KEF-CPH-20261026,KEF-CPH,2026-10-26,45,2026-09-11,63,35.0,32.02020202020202,2.9797979797979792,33,True
KEF-CPH-20261026,KEF-CPH,2026-10-26,30,2026-09-26,87,48.333333333333336,48.9057239057239,-0.5723905723905673,33,True
KEF-CPH-20261026,KEF-CPH,2026-10-26,21,2026-10-05,113,62.77777777777778,60.48821548821549,2.2895622895622907,33,True
KEF-CPH-20261029,KEF-CPH,2026-10-29,60,2026-08-30,38,21.11111111111111,20.185185185185187,0.9259259259259238,33,True
KEF-CPH-20261029,KEF-CPH,2026-10-29,45,2026-09-14,61,33.888888888888886,32.02020202020202,1.868686868686865,33,True
KEF-CPH-20261029,KEF-CPH,2026-10-29,30,2026-09-29,91,50.55555555555556,48.9057239057239,1.649831649831654,33,True
KEF-CPH-20261101,KEF-CPH,2026-11-01,60,2026-09-02,29,16.11111111111111,20.185185185185187,-4.074074074074076,33,True
KEF-CPH-20261101,KEF-CPH,2026-11-01,45,2026-09-17,45,25.0,32.02020202020202,-7.020202020202021,33,True
KEF-CPH-20261101,KEF-CPH,2026-11-01,30,2026-10-02,73,40.55555555555556,48.9057239057239,-8.350168350168346,33,True
KEF-CPH-20261104,KEF-CPH,2026-11-04,60,2026-09-05,32,17.77777777777778,20.185185185185187,-2.4074074074074083,33,True
KEF-CPH-20261104,KEF-CPH,2026-11-04,45,2026-09-20,54,30.0,32.02020202020202,-2.0202020202020208,33,True
KEF-CPH-20261104,KEF-CPH,2026-11-04,30,2026-10-05,85,47.22222222222222,48.9057239057239,-1.6835016835016816,33,True
KEF-CPH-20261107,KEF-CPH,2026-11-07,60,2026-09-08,35,19.444444444444443,20.185185185185187,-0.740740740740744,33,True
KEF-CPH-20261107,KEF-CPH,2026-11-07,45,2026-09-23,45,25.0,32.02020202020202,-7.020202020202021,33,True
KEF-CPH-20261110,KEF-CPH,2026-11-10,60,2026-09-11,19,10.555555555555555,20.185185185185187,-9.629629629629632,33,True
KEF-CPH-20261110,KEF-CPH,2026-11-10,45,2026-09-26,47,26.11111111111111,32.02020202020202,-5.90909090909091,33,True
KEF-CPH-20261113,KEF-CPH,2026-11-13,60,2026-09-14,32,17.77777777777778,20.185185185185187,-2.4074074074074083,33,True
KEF-CPH-20261113,KEF-CPH,2026-11-13,45,2026-09-29,54,30.0,32.02020202020202,-2.0202020202020208,33,True
KEF-CPH-20261116,KEF-CPH,2026-11-16,60,2026-09-17,32,17.77777777777778,20.185185185185187,-2.4074074074074083,33,True
KEF-CPH-20261116,KEF-CPH,2026-11-16,45,2026-10-02,51,28.333333333333332,32.02020202020202,-3.6868686868686886,33,True
KEF-CPH-20261119,KEF-CPH,2026-11-19,60,2026-09-20,33,18.333333333333332,20.185185185185187,-1.8518518518518547,33,True
KEF-CPH-20261119,KEF-CPH,2026-11-19,45,2026-10-05,57,31.666666666666668,32.02020202020202,-0.3535353535353529,33,True
KEF-CPH-20261122,KEF-CPH,2026-11-22,60,2026-09-23,42,23.333333333333332,20.185185185185187,3.1481481481481453,33,True
KEF-CPH-20261125,KEF-CPH,2026-11-25,60,2026-09-26,25,13.88888888888889,20.185185185185187,-6.296296296296298,33,True
KEF-CPH-20261128,KEF-CPH,2026-11-28,60,2026-09-29,42,23.333333333333332,20.185185185185187,3.1481481481481453,33,True
KEF-JFK-20261008,KEF-JFK,2026-10-08,60,2026-08-09,49,20.416666666666668,20.934343434343436,-0.5176767676767682,33,True
KEF-JFK-20261008,KEF-JFK,2026-10-08,45,2026-08-24,83,34.583333333333336,34.292929292929294,0.29040404040404155,33,True
KEF-JFK-20261008,KEF-JFK,2026-10-08,30,2026-09-08,124,51.666666666666664,52.99242424242424,-1.325757575757578,33,True
KEF-JFK-20261008,KEF-JFK,2026-10-08,21,2026-09-17,154,64.16666666666667,66.28787878787878,-2.1212121212121104,33,True
KEF-JFK-20261008,KEF-JFK,2026-10-08,14,2026-09-24,179,74.58333333333333,76.86868686868686,-2.2853535353535364,33,True
KEF-JFK-20261008,KEF-JFK,2026-10-08,10,2026-09-28,190,79.16666666666667,81.7550505050505,-2.588383838383834,33,True
KEF-JFK-20261008,KEF-JFK,2026-10-08,7,2026-10-01,198,82.5,84.87373737373737,-2.37373737373737,33,True
KEF-JFK-20261008,KEF-JFK,2026-10-08,4,2026-10-04,202,84.16666666666667,87.24747474747475,-3.080808080808083,33,True
KEF-JFK-20261008,KEF-JFK,2026-10-08,1,2026-10-07,207,86.25,88.54797979797979,-2.2979797979797922,33,True
KEF-JFK-20261011,KEF-JFK,2026-10-11,60,2026-08-12,55,22.916666666666668,20.934343434343436,1.9823232323232318,33,True
KEF-JFK-20261011,KEF-JFK,2026-10-11,45,2026-08-27,98,40.833333333333336,34.292929292929294,6.5404040404040416,33,True
KEF-JFK-20261011,KEF-JFK,2026-10-11,30,2026-09-11,145,60.416666666666664,52.99242424242424,7.424242424242422,33,True
KEF-JFK-20261011,KEF-JFK,2026-10-11,21,2026-09-20,181,75.41666666666667,66.28787878787878,9.12878787878789,33,True
KEF-JFK-20261011,KEF-JFK,2026-10-11,14,2026-09-27,212,88.33333333333333,76.86868686868686,11.464646464646464,33,True
KEF-JFK-20261011,KEF-JFK,2026-10-11,10,2026-10-01,223,92.91666666666667,81.7550505050505,11.161616161616166,33,True
KEF-JFK-20261011,KEF-JFK,2026-10-11,7,2026-10-04,229,95.41666666666667,84.87373737373737,10.542929292929301,33,True
KEF-JFK-20261011,KEF-JFK,2026-10-11,4,2026-10-07,234,97.5,87.24747474747475,10.252525252525245,33,True
KEF-JFK-20261014,KEF-JFK,2026-10-14,60,2026-08-15,49,20.416666666666668,20.934343434343436,-0.5176767676767682,33,True
KEF-JFK-20261014,KEF-JFK,2026-10-14,45,2026-08-30,80,33.333333333333336,34.292929292929294,-0.9595959595959584,33,True
KEF-JFK-20261014,KEF-JFK,2026-10-14,30,2026-09-14,131,54.583333333333336,52.99242424242424,1.5909090909090935,33,True
KEF-JFK-20261014,KEF-JFK,2026-10-14,21,2026-09-23,158,65.83333333333333,66.28787878787878,-0.45454545454545325,33,True
KEF-JFK-20261014,KEF-JFK,2026-10-14,14,2026-09-30,178,74.16666666666667,76.86868686868686,-2.7020202020201936,33,True
KEF-JFK-20261014,KEF-JFK,2026-10-14,10,2026-10-04,190,79.16666666666667,81.7550505050505,-2.588383838383834,33,True
KEF-JFK-20261014,KEF-JFK,2026-10-14,7,2026-10-07,199,82.91666666666667,84.87373737373737,-1.9570707070706987,33,True
KEF-JFK-20261017,KEF-JFK,2026-10-17,60,2026-08-18,39,16.25,20.934343434343436,-4.684343434343436,33,True
KEF-JFK-20261017,KEF-JFK,2026-10-17,45,2026-09-02,67,27.916666666666668,34.292929292929294,-6.376262626262626,33,True
KEF-JFK-20261017,KEF-JFK,2026-10-17,30,2026-09-17,107,44.583333333333336,52.99242424242424,-8.409090909090907,33,True
KEF-JFK-20261017,KEF-JFK,2026-10-17,21,2026-09-26,135,56.25,66.28787878787878,-10.037878787878782,33,True
KEF-JFK-20261017,KEF-JFK,2026-10-17,14,2026-10-03,157,65.41666666666667,76.86868686868686,-11.452020202020194,33,True
KEF-JFK-20261017,KEF-JFK,2026-10-17,10,2026-10-07,171,71.25,81.7550505050505,-10.505050505050505,33,True
KEF-JFK-20261020,KEF-JFK,2026-10-20,60,2026-08-21,60,25.0,20.934343434343436,4.065656565656564,33,True
KEF-JFK-20261020,KEF-JFK,2026-10-20,45,2026-09-05,91,37.916666666666664,34.292929292929294,3.62373737373737,33,True
KEF-JFK-20261020,KEF-JFK,2026-10-20,30,2026-09-20,140,58.333333333333336,52.99242424242424,5.3409090909090935,33,True
KEF-JFK-20261020,KEF-JFK,2026-10-20,21,2026-09-29,183,76.25,66.28787878787878,9.962121212121218,33,True
KEF-JFK-20261020,KEF-JFK,2026-10-20,14,2026-10-06,198,82.5,76.86868686868686,5.631313131313135,33,True
KEF-JFK-20261023,KEF-JFK,2026-10-23,60,2026-08-24,49,20.416666666666668,20.934343434343436,-0.5176767676767682,33,True
KEF-JFK-20261023,KEF-JFK,2026-10-23,45,2026-09-08,85,35.416666666666664,34.292929292929294,1.1237373737373701,33,True
KEF-JFK-20261023,KEF-JFK,2026-10-23,30,2026-09-23,144,60.0,52.99242424242424,7.007575757575758,33,True
KEF-JFK-20261023,KEF-JFK,2026-10-23,21,2026-10-02,175,72.91666666666667,66.28787878787878,6.6287878787878896,33,True
KEF-JFK-20261026,KEF-JFK,2026-10-26,60,2026-08-27,57,23.75,20.934343434343436,2.815656565656564,33,True
KEF-JFK-20261026,KEF-JFK,2026-10-26,45,2026-09-11,85,35.416666666666664,34.292929292929294,1.1237373737373701,33,True
KEF-JFK-20261026,KEF-JFK,2026-10-26,30,2026-09-26,130,54.166666666666664,52.99242424242424,1.174242424242422,33,True
KEF-JFK-20261026,KEF-JFK,2026-10-26,21,2026-10-05,154,64.16666666666667,66.28787878787878,-2.1212121212121104,33,True
KEF-JFK-20261029,KEF-JFK,2026-10-29,60,2026-08-30,44,18.333333333333332,20.934343434343436,-2.601010101010104,33,True
KEF-JFK-20261029,KEF-JFK,2026-10-29,45,2026-09-14,83,34.583333333333336,34.292929292929294,0.29040404040404155,33,True
KEF-JFK-20261029,KEF-JFK,2026-10-29,30,2026-09-29,123,51.25,52.99242424242424,-1.7424242424242422,33,True
KEF-JFK-20261101,KEF-JFK,2026-11-01,60,2026-09-02,55,22.916666666666668,20.934343434343436,1.9823232323232318,33,True
KEF-JFK-20261101,KEF-JFK,2026-11-01,45,2026-09-17,89,37.083333333333336,34.292929292929294,2.7904040404040416,33,True
KEF-JFK-20261101,KEF-JFK,2026-11-01,30,2026-10-02,134,55.833333333333336,52.99242424242424,2.8409090909090935,33,True
KEF-JFK-20261104,KEF-JFK,2026-11-04,60,2026-09-05,42,17.5,20.934343434343436,-3.434343434343436,33,True
KEF-JFK-20261104,KEF-JFK,2026-11-04,45,2026-09-20,71,29.583333333333332,34.292929292929294,-4.709595959595962,33,True
KEF-JFK-20261104,KEF-JFK,2026-11-04,30,2026-10-05,113,47.083333333333336,52.99242424242424,-5.9090909090909065,33,True
KEF-JFK-20261107,KEF-JFK,2026-11-07,60,2026-09-08,46,19.166666666666668,20.934343434343436,-1.7676767676767682,33,True
KEF-JFK-20261107,KEF-JFK,2026-11-07,45,2026-09-23,75,31.25,34.292929292929294,-3.042929292929294,33,True
KEF-JFK-20261110,KEF-JFK,2026-11-10,60,2026-09-11,42,17.5,20.934343434343436,-3.434343434343436,33,True
KEF-JFK-20261110,KEF-JFK,2026-11-10,45,2026-09-26,69,28.75,34.292929292929294,-5.542929292929294,33,True
KEF-JFK-20261113,KEF-JFK,2026-11-13,60,2026-09-14,56,23.333333333333332,20.934343434343436,2.398989898989896,33,True
KEF-JFK-20261113,KEF-JFK,2026-11-13,45,2026-09-29,79,32.916666666666664,34.292929292929294,-1.3762626262626299,33,True
KEF-JFK-20261116,KEF-JFK,2026-11-16,60,2026-09-17,49,20.416666666666668,20.934343434343436,-0.5176767676767682,33,True
KEF-JFK-20261116,KEF-JFK,2026-11-16,45,2026-10-02,80,33.333333333333336,34.292929292929294,-0.9595959595959584,33,True
KEF-JFK-20261119,KEF-JFK,2026-11-19,60,2026-09-20,58,24.166666666666668,20.934343434343436,3.232323232323232,33,True
KEF-JFK-20261119,KEF-JFK,2026-11-19,45,2026-10-05,91,37.916666666666664,34.292929292929294,3.62373737373737,33,True
KEF-JFK-20261122,KEF-JFK,2026-11-22,60,2026-09-23,39,16.25,20.934343434343436,-4.684343434343436,33,True
KEF-JFK-20261125,KEF-JFK,2026-11-25,60,2026-09-26,53,22.083333333333332,20.934343434343436,1.1489898989898961,33,True
KEF-JFK-20261128,KEF-JFK,2026-11-28,60,2026-09-29,51,21.25,20.934343434343436,0.31565656565656397,33,True
KEF-LHR-20261008,KEF-LHR,2026-10-08,60,2026-08-09,37,20.555555555555557,20.218855218855218,0.33670033670033916,33,True
KEF-LHR-20261008,KEF-LHR,2026-10-08,45,2026-08-24,52,28.88888888888889,32.592592592592595,-3.703703703703706,33,True
KEF-LHR-20261008,KEF-LHR,2026-10-08,30,2026-09-08,83,46.111111111111114,50.622895622895626,-4.511784511784512,33,True
KEF-LHR-20261008,KEF-LHR,2026-10-08,21,2026-09-17,107,59.44444444444444,63.24915824915825,-3.8047138047138063,33,True
KEF-LHR-20261008,KEF-LHR,2026-10-08,14,2026-09-24,129,71.66666666666667,72.79461279461279,-1.1279461279461174,33,True
KEF-LHR-20261008,KEF-LHR,2026-10-08,10,2026-09-28,137,76.11111111111111,77.42424242424242,-1.3131313131313078,33,True
KEF-LHR-20261008,KEF-LHR,2026-10-08,7,2026-10-01,146,81.11111111111111,80.67340067340068,0.43771043771043594,33,True
KEF-LHR-20261008,KEF-LHR,2026-10-08,4,2026-10-04,150,83.33333333333333,82.96296296296296,0.3703703703703667,33,True
KEF-LHR-20261008,KEF-LHR,2026-10-08,1,2026-10-07,153,85.0,84.3097643097643,0.6902356902356956,33,True
KEF-LHR-20261011,KEF-LHR,2026-10-11,60,2026-08-12,33,18.333333333333332,20.218855218855218,-1.8855218855218858,33,True
KEF-LHR-20261011,KEF-LHR,2026-10-11,45,2026-08-27,55,30.555555555555557,32.592592592592595,-2.037037037037038,33,True
KEF-LHR-20261011,KEF-LHR,2026-10-11,30,2026-09-11,84,46.666666666666664,50.622895622895626,-3.956228956228962,33,True
KEF-LHR-20261011,KEF-LHR,2026-10-11,21,2026-09-20,107,59.44444444444444,63.24915824915825,-3.8047138047138063,33,True
KEF-LHR-20261011,KEF-LHR,2026-10-11,14,2026-09-27,130,72.22222222222223,72.79461279461279,-0.5723905723905602,33,True
KEF-LHR-20261011,KEF-LHR,2026-10-11,10,2026-10-01,142,78.88888888888889,77.42424242424242,1.4646464646464636,33,True
KEF-LHR-20261011,KEF-LHR,2026-10-11,7,2026-10-04,147,81.66666666666667,80.67340067340068,0.9932659932659931,33,True
KEF-LHR-20261011,KEF-LHR,2026-10-11,4,2026-10-07,149,82.77777777777777,82.96296296296296,-0.18518518518519045,33,True
KEF-LHR-20261014,KEF-LHR,2026-10-14,60,2026-08-15,33,18.333333333333332,20.218855218855218,-1.8855218855218858,33,True
KEF-LHR-20261014,KEF-LHR,2026-10-14,45,2026-08-30,54,30.0,32.592592592592595,-2.5925925925925952,33,True
KEF-LHR-20261014,KEF-LHR,2026-10-14,30,2026-09-14,92,51.111111111111114,50.622895622895626,0.4882154882154879,33,True
KEF-LHR-20261014,KEF-LHR,2026-10-14,21,2026-09-23,121,67.22222222222223,63.24915824915825,3.9730639730639794,33,True
KEF-LHR-20261014,KEF-LHR,2026-10-14,14,2026-09-30,133,73.88888888888889,72.79461279461279,1.094276094276097,33,True
KEF-LHR-20261014,KEF-LHR,2026-10-14,10,2026-10-04,139,77.22222222222223,77.42424242424242,-0.20202020202019355,33,True
KEF-LHR-20261014,KEF-LHR,2026-10-14,7,2026-10-07,146,81.11111111111111,80.67340067340068,0.43771043771043594,33,True
KEF-LHR-20261017,KEF-LHR,2026-10-17,60,2026-08-18,40,22.22222222222222,20.218855218855218,2.0033670033670035,33,True
KEF-LHR-20261017,KEF-LHR,2026-10-17,45,2026-09-02,68,37.77777777777778,32.592592592592595,5.185185185185183,33,True
KEF-LHR-20261017,KEF-LHR,2026-10-17,30,2026-09-17,97,53.888888888888886,50.622895622895626,3.2659932659932593,33,True
KEF-LHR-20261017,KEF-LHR,2026-10-17,21,2026-09-26,123,68.33333333333333,63.24915824915825,5.0841750841750795,33,True
KEF-LHR-20261017,KEF-LHR,2026-10-17,14,2026-10-03,140,77.77777777777777,72.79461279461279,4.983164983164983,33,True
KEF-LHR-20261017,KEF-LHR,2026-10-17,10,2026-10-07,147,81.66666666666667,77.42424242424242,4.242424242424249,33,True
KEF-LHR-20261020,KEF-LHR,2026-10-20,60,2026-08-21,48,26.666666666666668,20.218855218855218,6.44781144781145,33,True
KEF-LHR-20261020,KEF-LHR,2026-10-20,45,2026-09-05,75,41.666666666666664,32.592592592592595,9.074074074074069,33,True
KEF-LHR-20261020,KEF-LHR,2026-10-20,30,2026-09-20,101,56.111111111111114,50.622895622895626,5.488215488215488,33,True
KEF-LHR-20261020,KEF-LHR,2026-10-20,21,2026-09-29,126,70.0,63.24915824915825,6.750841750841751,33,True
KEF-LHR-20261020,KEF-LHR,2026-10-20,14,2026-10-06,149,82.77777777777777,72.79461279461279,9.983164983164983,33,True
KEF-LHR-20261023,KEF-LHR,2026-10-23,60,2026-08-24,38,21.11111111111111,20.218855218855218,0.8922558922558927,33,True
KEF-LHR-20261023,KEF-LHR,2026-10-23,45,2026-09-08,62,34.44444444444444,32.592592592592595,1.8518518518518476,33,True
KEF-LHR-20261023,KEF-LHR,2026-10-23,30,2026-09-23,102,56.666666666666664,50.622895622895626,6.043771043771038,33,True
KEF-LHR-20261023,KEF-LHR,2026-10-23,21,2026-10-02,122,67.77777777777777,63.24915824915825,4.528619528619522,33,True
KEF-LHR-20261026,KEF-LHR,2026-10-26,60,2026-08-27,58,32.22222222222222,20.218855218855218,12.003367003367003,33,True
KEF-LHR-20261026,KEF-LHR,2026-10-26,45,2026-09-11,81,45.0,32.592592592592595,12.407407407407405,33,True
KEF-LHR-20261026,KEF-LHR,2026-10-26,30,2026-09-26,115,63.888888888888886,50.622895622895626,13.26599326599326,33,True
KEF-LHR-20261026,KEF-LHR,2026-10-26,21,2026-10-05,129,71.66666666666667,63.24915824915825,8.417508417508422,33,True
KEF-LHR-20261029,KEF-LHR,2026-10-29,60,2026-08-30,37,20.555555555555557,20.218855218855218,0.33670033670033916,33,True
KEF-LHR-20261029,KEF-LHR,2026-10-29,45,2026-09-14,63,35.0,32.592592592592595,2.4074074074074048,33,True
KEF-LHR-20261029,KEF-LHR,2026-10-29,30,2026-09-29,91,50.55555555555556,50.622895622895626,-0.06734006734006925,33,True
KEF-LHR-20261101,KEF-LHR,2026-11-01,60,2026-09-02,45,25.0,20.218855218855218,4.781144781144782,33,True
KEF-LHR-20261101,KEF-LHR,2026-11-01,45,2026-09-17,64,35.55555555555556,32.592592592592595,2.962962962962962,33,True
KEF-LHR-20261101,KEF-LHR,2026-11-01,30,2026-10-02,90,50.0,50.622895622895626,-0.6228956228956264,33,True
KEF-LHR-20261104,KEF-LHR,2026-11-04,60,2026-09-05,47,26.11111111111111,20.218855218855218,5.892255892255893,33,True
KEF-LHR-20261104,KEF-LHR,2026-11-04,45,2026-09-20,70,38.888888888888886,32.592592592592595,6.2962962962962905,33,True
KEF-LHR-20261104,KEF-LHR,2026-11-04,30,2026-10-05,105,58.333333333333336,50.622895622895626,7.710437710437709,33,True
KEF-LHR-20261107,KEF-LHR,2026-11-07,60,2026-09-08,52,28.88888888888889,20.218855218855218,8.670033670033671,33,True
KEF-LHR-20261107,KEF-LHR,2026-11-07,45,2026-09-23,73,40.55555555555556,32.592592592592595,7.962962962962962,33,True
KEF-LHR-20261110,KEF-LHR,2026-11-10,60,2026-09-11,38,21.11111111111111,20.218855218855218,0.8922558922558927,33,True
KEF-LHR-20261110,KEF-LHR,2026-11-10,45,2026-09-26,66,36.666666666666664,32.592592592592595,4.074074074074069,33,True
KEF-LHR-20261113,KEF-LHR,2026-11-13,60,2026-09-14,39,21.666666666666668,20.218855218855218,1.4478114478114499,33,True
KEF-LHR-20261113,KEF-LHR,2026-11-13,45,2026-09-29,63,35.0,32.592592592592595,2.4074074074074048,33,True
KEF-LHR-20261116,KEF-LHR,2026-11-16,60,2026-09-17,42,23.333333333333332,20.218855218855218,3.114478114478114,33,True
KEF-LHR-20261116,KEF-LHR,2026-11-16,45,2026-10-02,66,36.666666666666664,32.592592592592595,4.074074074074069,33,True
KEF-LHR-20261119,KEF-LHR,2026-11-19,60,2026-09-20,43,23.88888888888889,20.218855218855218,3.6700336700336713,33,True
KEF-LHR-20261119,KEF-LHR,2026-11-19,45,2026-10-05,69,38.333333333333336,32.592592592592595,5.7407407407407405,33,True
KEF-LHR-20261122,KEF-LHR,2026-11-22,60,2026-09-23,48,26.666666666666668,20.218855218855218,6.44781144781145,33,True
KEF-LHR-20261125,KEF-LHR,2026-11-25,60,2026-09-26,36,20.0,20.218855218855218,-0.21885521885521797,33,True
KEF-LHR-20261128,KEF-LHR,2026-11-28,60,2026-09-29,30,16.666666666666668,20.218855218855218,-3.55218855218855,33,True
