flight_id,route,departure_date,capacity,base_fare_eur,is_synthetic,passengers_now,revenue_now_eur,load_factor_now_pct,average_fare_now_eur,bookings_last_7_days,days_to_departure,seats_remaining
KEF-CPH-20261008,KEF-CPH,2026-10-08,180,140,True,121,22039.21,67.22222222222223,182.14223140495866,8,1,59
KEF-JFK-20261008,KEF-JFK,2026-10-08,240,350,True,207,94460.84,86.25,456.3325603864734,11,1,33
KEF-LHR-20261008,KEF-LHR,2026-10-08,180,180,True,153,35679.33,85.0,233.19823529411767,12,1,27
KEF-CPH-20261011,KEF-CPH,2026-10-11,180,140,True,140,24983.21,77.77777777777777,178.45149999999998,11,4,40
KEF-JFK-20261011,KEF-JFK,2026-10-11,240,350,True,234,106428.19,97.5,454.8213247863248,14,4,6
KEF-LHR-20261011,KEF-LHR,2026-10-11,180,180,True,149,34882.12,82.77777777777777,234.1081879194631,11,4,31
KEF-CPH-20261014,KEF-CPH,2026-10-14,180,140,True,144,26004.47,80.0,180.58659722222222,19,7,36
KEF-JFK-20261014,KEF-JFK,2026-10-14,240,350,True,199,91173.09,82.91666666666667,458.15623115577887,21,7,41
KEF-LHR-20261014,KEF-LHR,2026-10-14,180,180,True,146,34223.56,81.11111111111111,234.40794520547945,13,7,34
KEF-CPH-20261017,KEF-CPH,2026-10-17,180,140,True,121,21374.28,67.22222222222223,176.64694214876033,7,10,59
KEF-JFK-20261017,KEF-JFK,2026-10-17,240,350,True,171,77974.16,71.25,455.9892397660819,25,10,69
KEF-LHR-20261017,KEF-LHR,2026-10-17,180,180,True,147,34558.89,81.66666666666667,235.09448979591835,20,10,33
KEF-CPH-20261020,KEF-CPH,2026-10-20,180,140,True,102,17756.63,56.666666666666664,174.08460784313726,13,13,78
KEF-JFK-20261020,KEF-JFK,2026-10-20,240,350,True,200,90199.57,83.33333333333333,450.99785,14,13,40
KEF-LHR-20261020,KEF-LHR,2026-10-20,180,180,True,149,34072.47,82.77777777777777,228.67429530201343,21,13,31
KEF-CPH-20261023,KEF-CPH,2026-10-23,180,140,True,126,22750.74,70.0,180.5614285714286,23,16,54
KEF-JFK-20261023,KEF-JFK,2026-10-23,240,350,True,191,85330.87,79.58333333333333,446.75848167539266,20,16,49
KEF-LHR-20261023,KEF-LHR,2026-10-23,180,180,True,128,28762.1,71.11111111111111,224.70390625,8,16,52
KEF-CPH-20261026,KEF-CPH,2026-10-26,180,140,True,114,19941.32,63.333333333333336,174.92385964912282,16,19,66
KEF-JFK-20261026,KEF-JFK,2026-10-26,240,350,True,161,70729.43,67.08333333333333,439.3132298136646,23,19,79
KEF-LHR-20261026,KEF-LHR,2026-10-26,180,180,True,135,29834.41,75.0,220.99562962962963,13,19,45
KEF-CPH-20261029,KEF-CPH,2026-10-29,180,140,True,107,18845.61,59.44444444444444,176.12719626168226,15,22,73
KEF-JFK-20261029,KEF-JFK,2026-10-29,240,350,True,156,69169.53,65.0,443.3944230769231,31,22,84
KEF-LHR-20261029,KEF-LHR,2026-10-29,180,180,True,105,24129.73,58.333333333333336,229.80695238095237,12,22,75
KEF-CPH-20261101,KEF-CPH,2026-11-01,180,140,True,82,14546.31,45.55555555555556,177.39402439024389,13,25,98
KEF-JFK-20261101,KEF-JFK,2026-11-01,240,350,True,160,69720.88,66.66666666666667,435.75550000000004,35,25,80
KEF-LHR-20261101,KEF-LHR,2026-11-01,180,180,True,97,21494.010000000002,53.888888888888886,221.5877319587629,10,25,83
KEF-CPH-20261104,KEF-CPH,2026-11-04,180,140,True,86,14899.11,47.77777777777778,173.24546511627906,12,28,94
KEF-JFK-20261104,KEF-JFK,2026-11-04,240,350,True,118,50861.45,49.166666666666664,431.02923728813556,22,28,122
KEF-LHR-20261104,KEF-LHR,2026-11-04,180,180,True,110,24095.76,61.111111111111114,219.05236363636362,17,28,70
KEF-CPH-20261107,KEF-CPH,2026-11-07,180,140,True,71,12255.75,39.44444444444444,172.6161971830986,16,31,109
KEF-JFK-20261107,KEF-JFK,2026-11-07,240,350,True,107,46184.63,44.583333333333336,431.63205607476635,16,31,133
KEF-LHR-20261107,KEF-LHR,2026-11-07,180,180,True,95,21187.9,52.77777777777778,223.0305263157895,14,31,85
KEF-CPH-20261110,KEF-CPH,2026-11-10,180,140,True,65,10907.24,36.111111111111114,167.8036923076923,13,34,115
KEF-JFK-20261110,KEF-JFK,2026-11-10,240,350,True,110,46311.64,45.833333333333336,421.0149090909091,22,34,130
KEF-LHR-20261110,KEF-LHR,2026-11-10,180,180,True,81,17494.21,45.0,215.9779012345679,7,34,99
KEF-CPH-20261113,KEF-CPH,2026-11-13,180,140,True,63,10783.96,35.0,171.17396825396824,9,37,117
KEF-JFK-20261113,KEF-JFK,2026-11-13,240,350,True,95,39954.61,39.583333333333336,420.57484210526314,14,37,145
KEF-LHR-20261113,KEF-LHR,2026-11-13,180,180,True,80,17049.43,44.44444444444444,213.117875,16,37,100
KEF-CPH-20261116,KEF-CPH,2026-11-16,180,140,True,64,10742.45,35.55555555555556,167.85078125,16,40,116
KEF-JFK-20261116,KEF-JFK,2026-11-16,240,350,True,101,42650.37,42.083333333333336,422.28089108910893,22,40,139
KEF-LHR-20261116,KEF-LHR,2026-11-16,180,180,True,75,16090.3,41.666666666666664,214.53733333333332,13,40,105
KEF-CPH-20261119,KEF-CPH,2026-11-19,180,140,True,61,10181.07,33.888888888888886,166.9027868852459,14,43,119
KEF-JFK-20261119,KEF-JFK,2026-11-19,240,350,True,94,38502.3,39.166666666666664,409.5989361702128,18,43,146
KEF-LHR-20261119,KEF-LHR,2026-11-19,180,180,True,72,15150.37,40.0,210.42180555555558,12,43,108
KEF-CPH-20261122,KEF-CPH,2026-11-22,180,140,True,53,8506.39,29.444444444444443,160.49792452830187,2,46,127
KEF-JFK-20261122,KEF-JFK,2026-11-22,240,350,True,73,31475.75,30.416666666666668,431.1746575342466,23,46,167
KEF-LHR-20261122,KEF-LHR,2026-11-22,180,180,True,72,15107.94,40.0,209.8325,15,46,108
KEF-CPH-20261125,KEF-CPH,2026-11-25,180,140,True,39,6654.51,21.666666666666668,170.62846153846155,8,49,141
KEF-JFK-20261125,KEF-JFK,2026-11-25,240,350,True,75,31518.68,31.25,420.2490666666667,13,49,165
KEF-LHR-20261125,KEF-LHR,2026-11-25,180,180,True,53,11281.23,29.444444444444443,212.8533962264151,13,49,127
KEF-CPH-20261128,KEF-CPH,2026-11-28,180,140,True,52,8435.69,28.88888888888889,162.2248076923077,9,52,128
KEF-JFK-20261128,KEF-JFK,2026-11-28,240,350,True,62,24873.49,25.833333333333332,401.18532258064516,9,52,178
KEF-LHR-20261128,KEF-LHR,2026-11-28,180,180,True,42,8979.44,23.333333333333332,213.79619047619047,11,52,138
