flight_id,route,departure_date,capacity,base_fare_eur,is_synthetic
KEF-LHR-20260701,KEF-LHR,2026-07-01,180,180,True
KEF-LHR-20260704,KEF-LHR,2026-07-04,180,180,True
KEF-LHR-20260707,KEF-LHR,2026-07-07,180,180,True
KEF-LHR-20260710,KEF-LHR,2026-07-10,180,180,True
KEF-LHR-20260713,KEF-LHR,2026-07-13,180,180,True
KEF-LHR-20260716,KEF-LHR,2026-07-16,180,180,True
KEF-LHR-20260719,KEF-LHR,2026-07-19,180,180,True
KEF-LHR-20260722,KEF-LHR,2026-07-22,180,180,True
KEF-LHR-20260725,KEF-LHR,2026-07-25,180,180,True
KEF-LHR-20260728,KEF-LHR,2026-07-28,180,180,True
KEF-LHR-20260731,KEF-LHR,2026-07-31,180,180,True
KEF-LHR-20260803,KEF-LHR,2026-08-03,180,180,True
KEF-LHR-20260806,KEF-LHR,2026-08-06,180,180,True
KEF-LHR-20260809,KEF-LHR,2026-08-09,180,180,True
KEF-LHR-20260812,KEF-LHR,2026-08-12,180,180,True
KEF-LHR-20260815,KEF-LHR,2026-08-15,180,180,True
KEF-LHR-20260818,KEF-LHR,2026-08-18,180,180,True
KEF-LHR-20260821,KEF-LHR,2026-08-21,180,180,True
KEF-LHR-20260824,KEF-LHR,2026-08-24,180,180,True
KEF-LHR-20260827,KEF-LHR,2026-08-27,180,180,True
KEF-LHR-20260830,KEF-LHR,2026-08-30,180,180,True
KEF-LHR-20260902,KEF-LHR,2026-09-02,180,180,True
KEF-LHR-20260905,KEF-LHR,2026-09-05,180,180,True
KEF-LHR-20260908,KEF-LHR,2026-09-08,180,180,True
KEF-LHR-20260911,KEF-LHR,2026-09-11,180,180,True
KEF-LHR-20260914,KEF-LHR,2026-09-14,180,180,True
KEF-LHR-20260917,KEF-LHR,2026-09-17,180,180,True
KEF-LHR-20260920,KEF-LHR,2026-09-20,180,180,True
KEF-LHR-20260923,KEF-LHR,2026-09-23,180,180,True
KEF-LHR-20260926,KEF-LHR,2026-09-26,180,180,True
KEF-LHR-20260929,KEF-LHR,2026-09-29,180,180,True
KEF-LHR-20261002,KEF-LHR,2026-10-02,180,180,True
KEF-LHR-20261005,KEF-LHR,2026-10-05,180,180,True
KEF-LHR-20261008,KEF-LHR,2026-10-08,180,180,True
KEF-LHR-20261011,KEF-LHR,2026-10-11,180,180,True
KEF-LHR-20261014,KEF-LHR,2026-10-14,180,180,True
KEF-LHR-20261017,KEF-LHR,2026-10-17,180,180,True
KEF-LHR-20261020,KEF-LHR,2026-10-20,180,180,True
KEF-LHR-20261023,KEF-LHR,2026-10-23,180,180,True
KEF-LHR-20261026,KEF-LHR,2026-10-26,180,180,True
KEF-LHR-20261029,KEF-LHR,2026-10-29,180,180,True
KEF-LHR-20261101,KEF-LHR,2026-11-01,180,180,True
KEF-LHR-20261104,KEF-LHR,2026-11-04,180,180,True
KEF-LHR-20261107,KEF-LHR,2026-11-07,180,180,True
KEF-LHR-20261110,KEF-LHR,2026-11-10,180,180,True
KEF-LHR-20261113,KEF-LHR,2026-11-13,180,180,True
KEF-LHR-20261116,KEF-LHR,2026-11-16,180,180,True
KEF-LHR-20261119,KEF-LHR,2026-11-19,180,180,True
KEF-LHR-20261122,KEF-LHR,2026-11-22,180,180,True
KEF-LHR-20261125,KEF-LHR,2026-11-25,180,180,True
KEF-LHR-20261128,KEF-LHR,2026-11-28,180,180,True
KEF-CPH-20260701,KEF-CPH,2026-07-01,180,140,True
KEF-CPH-20260704,KEF-CPH,2026-07-04,180,140,True
KEF-CPH-20260707,KEF-CPH,2026-07-07,180,140,True
KEF-CPH-20260710,KEF-CPH,2026-07-10,180,140,True
KEF-CPH-20260713,KEF-CPH,2026-07-13,180,140,True
KEF-CPH-20260716,KEF-CPH,2026-07-16,180,140,True
KEF-CPH-20260719,KEF-CPH,2026-07-19,180,140,True
KEF-CPH-20260722,KEF-CPH,2026-07-22,180,140,True
KEF-CPH-20260725,KEF-CPH,2026-07-25,180,140,True
KEF-CPH-20260728,KEF-CPH,2026-07-28,180,140,True
KEF-CPH-20260731,KEF-CPH,2026-07-31,180,140,True
KEF-CPH-20260803,KEF-CPH,2026-08-03,180,140,True
KEF-CPH-20260806,KEF-CPH,2026-08-06,180,140,True
KEF-CPH-20260809,KEF-CPH,2026-08-09,180,140,True
KEF-CPH-20260812,KEF-CPH,2026-08-12,180,140,True
KEF-CPH-20260815,KEF-CPH,2026-08-15,180,140,True
KEF-CPH-20260818,KEF-CPH,2026-08-18,180,140,True
KEF-CPH-20260821,KEF-CPH,2026-08-21,180,140,True
KEF-CPH-20260824,KEF-CPH,2026-08-24,180,140,True
KEF-CPH-20260827,KEF-CPH,2026-08-27,180,140,True
KEF-CPH-20260830,KEF-CPH,2026-08-30,180,140,True
KEF-CPH-20260902,KEF-CPH,2026-09-02,180,140,True
KEF-CPH-20260905,KEF-CPH,2026-09-05,180,140,True
KEF-CPH-20260908,KEF-CPH,2026-09-08,180,140,True
KEF-CPH-20260911,KEF-CPH,2026-09-11,180,140,True
KEF-CPH-20260914,KEF-CPH,2026-09-14,180,140,True
KEF-CPH-20260917,KEF-CPH,2026-09-17,180,140,True
KEF-CPH-20260920,KEF-CPH,2026-09-20,180,140,True
KEF-CPH-20260923,KEF-CPH,2026-09-23,180,140,True
KEF-CPH-20260926,KEF-CPH,2026-09-26,180,140,True
KEF-CPH-20260929,KEF-CPH,2026-09-29,180,140,True
KEF-CPH-20261002,KEF-CPH,2026-10-02,180,140,True
KEF-CPH-20261005,KEF-CPH,2026-10-05,180,140,True
KEF-CPH-20261008,KEF-CPH,2026-10-08,180,140,True
KEF-CPH-20261011,KEF-CPH,2026-10-11,180,140,True
KEF-CPH-20261014,KEF-CPH,2026-10-14,180,140,True
KEF-CPH-20261017,KEF-CPH,2026-10-17,180,140,True
KEF-CPH-20261020,KEF-CPH,2026-10-20,180,140,True
KEF-CPH-20261023,KEF-CPH,2026-10-23,180,140,True
KEF-CPH-20261026,KEF-CPH,2026-10-26,180,140,True
KEF-CPH-20261029,KEF-CPH,2026-10-29,180,140,True
KEF-CPH-20261101,KEF-CPH,2026-11-01,180,140,True
KEF-CPH-20261104,KEF-CPH,2026-11-04,180,140,True
KEF-CPH-20261107,KEF-CPH,2026-11-07,180,140,True
KEF-CPH-20261110,KEF-CPH,2026-11-10,180,140,True
KEF-CPH-20261113,KEF-CPH,2026-11-13,180,140,True
KEF-CPH-20261116,KEF-CPH,2026-11-16,180,140,True
KEF-CPH-20261119,KEF-CPH,2026-11-19,180,140,True
KEF-CPH-20261122,KEF-CPH,2026-11-22,180,140,True
KEF-CPH-20261125,KEF-CPH,2026-11-25,180,140,True
KEF-CPH-20261128,KEF-CPH,2026-11-28,180,140,True
KEF-JFK-20260701,KEF-JFK,2026-07-01,240,350,True
KEF-JFK-20260704,KEF-JFK,2026-07-04,240,350,True
KEF-JFK-20260707,KEF-JFK,2026-07-07,240,350,True
KEF-JFK-20260710,KEF-JFK,2026-07-10,240,350,True
KEF-JFK-20260713,KEF-JFK,2026-07-13,240,350,True
KEF-JFK-20260716,KEF-JFK,2026-07-16,240,350,True
KEF-JFK-20260719,KEF-JFK,2026-07-19,240,350,True
KEF-JFK-20260722,KEF-JFK,2026-07-22,240,350,True
KEF-JFK-20260725,KEF-JFK,2026-07-25,240,350,True
KEF-JFK-20260728,KEF-JFK,2026-07-28,240,350,True
KEF-JFK-20260731,KEF-JFK,2026-07-31,240,350,True
KEF-JFK-20260803,KEF-JFK,2026-08-03,240,350,True
KEF-JFK-20260806,KEF-JFK,2026-08-06,240,350,True
KEF-JFK-20260809,KEF-JFK,2026-08-09,240,350,True
KEF-JFK-20260812,KEF-JFK,2026-08-12,240,350,True
KEF-JFK-20260815,KEF-JFK,2026-08-15,240,350,True
KEF-JFK-20260818,KEF-JFK,2026-08-18,240,350,True
KEF-JFK-20260821,KEF-JFK,2026-08-21,240,350,True
KEF-JFK-20260824,KEF-JFK,2026-08-24,240,350,True
KEF-JFK-20260827,KEF-JFK,2026-08-27,240,350,True
KEF-JFK-20260830,KEF-JFK,2026-08-30,240,350,True
KEF-JFK-20260902,KEF-JFK,2026-09-02,240,350,True
KEF-JFK-20260905,KEF-JFK,2026-09-05,240,350,True
KEF-JFK-20260908,KEF-JFK,2026-09-08,240,350,True
KEF-JFK-20260911,KEF-JFK,2026-09-11,240,350,True
KEF-JFK-20260914,KEF-JFK,2026-09-14,240,350,True
KEF-JFK-20260917,KEF-JFK,2026-09-17,240,350,True
KEF-JFK-20260920,KEF-JFK,2026-09-20,240,350,True
KEF-JFK-20260923,KEF-JFK,2026-09-23,240,350,True
KEF-JFK-20260926,KEF-JFK,2026-09-26,240,350,True
KEF-JFK-20260929,KEF-JFK,2026-09-29,240,350,True
KEF-JFK-20261002,KEF-JFK,2026-10-02,240,350,True
KEF-JFK-20261005,KEF-JFK,2026-10-05,240,350,True
KEF-JFK-20261008,KEF-JFK,2026-10-08,240,350,True
KEF-JFK-20261011,KEF-JFK,2026-10-11,240,350,True
KEF-JFK-20261014,KEF-JFK,2026-10-14,240,350,True
KEF-JFK-20261017,KEF-JFK,2026-10-17,240,350,True
KEF-JFK-20261020,KEF-JFK,2026-10-20,240,350,True
KEF-JFK-20261023,KEF-JFK,2026-10-23,240,350,True
KEF-JFK-20261026,KEF-JFK,2026-10-26,240,350,True
KEF-JFK-20261029,KEF-JFK,2026-10-29,240,350,True
KEF-JFK-20261101,KEF-JFK,2026-11-01,240,350,True
KEF-JFK-20261104,KEF-JFK,2026-11-04,240,350,True
KEF-JFK-20261107,KEF-JFK,2026-11-07,240,350,True
KEF-JFK-20261110,KEF-JFK,2026-11-10,240,350,True
KEF-JFK-20261113,KEF-JFK,2026-11-13,240,350,True
KEF-JFK-20261116,KEF-JFK,2026-11-16,240,350,True
KEF-JFK-20261119,KEF-JFK,2026-11-19,240,350,True
KEF-JFK-20261122,KEF-JFK,2026-11-22,240,350,True
KEF-JFK-20261125,KEF-JFK,2026-11-25,240,350,True
KEF-JFK-20261128,KEF-JFK,2026-11-28,240,350,True
