flight_id,route,departure_date,capacity,base_fare_eur,is_synthetic,passengers_d14,revenue_d14_eur,load_factor_d14_pct,average_fare_d14_eur
KEF-LHR-20260701,KEF-LHR,2026-07-01,180,180,True,142,32938.79,78.88888888888889,231.96330985915495
KEF-LHR-20260704,KEF-LHR,2026-07-04,180,180,True,133,30253.27,73.88888888888889,227.46819548872182
KEF-LHR-20260707,KEF-LHR,2026-07-07,180,180,True,145,33643.96,80.55555555555556,232.02731034482758
KEF-LHR-20260710,KEF-LHR,2026-07-10,180,180,True,145,32417.59,80.55555555555556,223.56958620689656
KEF-LHR-20260713,KEF-LHR,2026-07-13,180,180,True,130,30371.46,72.22222222222223,233.62661538461538
KEF-LHR-20260716,KEF-LHR,2026-07-16,180,180,True,113,25795.55,62.77777777777778,228.27920353982302
KEF-LHR-20260719,KEF-LHR,2026-07-19,180,180,True,144,32825.02,80.0,227.95152777777776
KEF-LHR-20260722,KEF-LHR,2026-07-22,180,180,True,131,30267.24,72.77777777777777,231.04763358778627
KEF-LHR-20260725,KEF-LHR,2026-07-25,180,180,True,139,32278.68,77.22222222222223,232.22071942446044
KEF-LHR-20260728,KEF-LHR,2026-07-28,180,180,True,143,33396.67,79.44444444444444,233.54314685314685
KEF-LHR-20260731,KEF-LHR,2026-07-31,180,180,True,148,33718.44,82.22222222222223,227.82729729729732
KEF-LHR-20260803,KEF-LHR,2026-08-03,180,180,True,137,31308.02,76.11111111111111,228.52569343065693
KEF-LHR-20260806,KEF-LHR,2026-08-06,180,180,True,121,27300.74,67.22222222222223,225.62595041322317
KEF-LHR-20260809,KEF-LHR,2026-08-09,180,180,True,120,27798.66,66.66666666666667,231.6555
KEF-LHR-20260812,KEF-LHR,2026-08-12,180,180,True,131,29830.48,72.77777777777777,227.71358778625955
KEF-LHR-20260815,KEF-LHR,2026-08-15,180,180,True,131,29915.16,72.77777777777777,228.35999999999999
KEF-LHR-20260818,KEF-LHR,2026-08-18,180,180,True,126,29044.079999999998,70.0,230.5085714285714
KEF-LHR-20260821,KEF-LHR,2026-08-21,180,180,True,125,28772.45,69.44444444444444,230.1796
KEF-LHR-20260824,KEF-LHR,2026-08-24,180,180,True,120,27503.04,66.66666666666667,229.192
KEF-LHR-20260827,KEF-LHR,2026-08-27,180,180,True,135,30111.04,75.0,223.04474074074074
KEF-LHR-20260830,KEF-LHR,2026-08-30,180,180,True,131,30992.42,72.77777777777777,236.58335877862595
KEF-LHR-20260902,KEF-LHR,2026-09-02,180,180,True,119,27234.82,66.11111111111111,228.86403361344537
KEF-LHR-20260905,KEF-LHR,2026-09-05,180,180,True,142,32714.36,78.88888888888889,230.38281690140846
KEF-LHR-20260908,KEF-LHR,2026-09-08,180,180,True,119,28193.16,66.11111111111111,236.91731092436976
KEF-LHR-20260911,KEF-LHR,2026-09-11,180,180,True,117,27083.02,65.0,231.4788034188034
KEF-LHR-20260914,KEF-LHR,2026-09-14,180,180,True,140,32079.71,77.77777777777777,229.1407857142857
KEF-LHR-20260917,KEF-LHR,2026-09-17,180,180,True,131,29771.45,72.77777777777777,227.26297709923665
KEF-LHR-20260920,KEF-LHR,2026-09-20,180,180,True,122,28235.84,67.77777777777777,231.44131147540983
KEF-LHR-20260923,KEF-LHR,2026-09-23,180,180,True,143,32772.33,79.44444444444444,229.17713286713288
KEF-LHR-20260926,KEF-LHR,2026-09-26,180,180,True,116,27620.63,64.44444444444444,238.10887931034483
KEF-LHR-20260929,KEF-LHR,2026-09-29,180,180,True,117,26653.74,65.0,227.8097435897436
KEF-LHR-20261002,KEF-LHR,2026-10-02,180,180,True,129,30118.16,71.66666666666667,233.4741085271318
KEF-LHR-20261005,KEF-LHR,2026-10-05,180,180,True,139,31820.8,77.22222222222223,228.92661870503596
KEF-LHR-20261008,KEF-LHR,2026-10-08,180,180,True,129,29592.56,71.66666666666667,229.39968992248063
KEF-LHR-20261011,KEF-LHR,2026-10-11,180,180,True,130,29873.89,72.22222222222223,229.79915384615384
KEF-LHR-20261014,KEF-LHR,2026-10-14,180,180,True,133,30787.72,73.88888888888889,231.48661654135338
KEF-LHR-20261017,KEF-LHR,2026-10-17,180,180,True,140,32655.06,77.77777777777777,233.25042857142859
KEF-LHR-20261020,KEF-LHR,2026-10-20,180,180,True,149,34072.47,82.77777777777777,228.67429530201343
KEF-CPH-20260701,KEF-CPH,2026-07-01,180,140,True,119,21613.69,66.11111111111111,181.62764705882353
KEF-CPH-20260704,KEF-CPH,2026-07-04,180,140,True,110,19828.62,61.111111111111114,180.26018181818182
KEF-CPH-20260707,KEF-CPH,2026-07-07,180,140,True,133,23873.45,73.88888888888889,179.49962406015038
KEF-CPH-20260710,KEF-CPH,2026-07-10,180,140,True,124,22129.28,68.88888888888889,178.46193548387095
KEF-CPH-20260713,KEF-CPH,2026-07-13,180,140,True,140,25288.94,77.77777777777777,180.63528571428571
KEF-CPH-20260716,KEF-CPH,2026-07-16,180,140,True,121,21799.0,67.22222222222223,180.15702479338842
KEF-CPH-20260719,KEF-CPH,2026-07-19,180,140,True,121,21780.420000000002,67.22222222222223,180.00347107438017
KEF-CPH-20260722,KEF-CPH,2026-07-22,180,140,True,125,22549.45,69.44444444444444,180.3956
KEF-CPH-20260725,KEF-CPH,2026-07-25,180,140,True,120,21551.68,66.66666666666667,179.59733333333332
KEF-CPH-20260728,KEF-CPH,2026-07-28,180,140,True,105,18770.57,58.333333333333336,178.76733333333334
KEF-CPH-20260731,KEF-CPH,2026-07-31,180,140,True,120,21221.25,66.66666666666667,176.84375
KEF-CPH-20260803,KEF-CPH,2026-08-03,180,140,True,138,25025.47,76.66666666666667,181.34398550724637
KEF-CPH-20260806,KEF-CPH,2026-08-06,180,140,True,124,22129.75,68.88888888888889,178.46572580645162
KEF-CPH-20260809,KEF-CPH,2026-08-09,180,140,True,122,21473.3,67.77777777777777,176.01065573770492
KEF-CPH-20260812,KEF-CPH,2026-08-12,180,140,True,135,24369.49,75.0,180.51474074074076
KEF-CPH-20260815,KEF-CPH,2026-08-15,180,140,True,123,21596.82,68.33333333333333,175.5839024390244
KEF-CPH-20260818,KEF-CPH,2026-08-18,180,140,True,130,23785.79,72.22222222222223,182.96761538461539
KEF-CPH-20260821,KEF-CPH,2026-08-21,180,140,True,126,22173.74,70.0,175.9820634920635
KEF-CPH-20260824,KEF-CPH,2026-08-24,180,140,True,128,22584.5,71.11111111111111,176.44140625
KEF-CPH-20260827,KEF-CPH,2026-08-27,180,140,True,123,22072.17,68.33333333333333,179.44853658536584
KEF-CPH-20260830,KEF-CPH,2026-08-30,180,140,True,146,25681.62,81.11111111111111,175.90150684931507
KEF-CPH-20260902,KEF-CPH,2026-09-02,180,140,True,132,23170.31,73.33333333333333,175.5326515151515
KEF-CPH-20260905,KEF-CPH,2026-09-05,180,140,True,105,18855.64,58.333333333333336,179.5775238095238
KEF-CPH-20260908,KEF-CPH,2026-09-08,180,140,True,137,24200.14,76.11111111111111,176.64335766423358
KEF-CPH-20260911,KEF-CPH,2026-09-11,180,140,True,116,20673.43,64.44444444444444,178.21922413793104
KEF-CPH-20260914,KEF-CPH,2026-09-14,180,140,True,118,20821.32,65.55555555555556,176.45186440677966
KEF-CPH-20260917,KEF-CPH,2026-09-17,180,140,True,134,23714.0,74.44444444444444,176.97014925373134
KEF-CPH-20260920,KEF-CPH,2026-09-20,180,140,True,104,18307.34,57.77777777777778,176.0321153846154
KEF-CPH-20260923,KEF-CPH,2026-09-23,180,140,True,129,23279.15,71.66666666666667,180.45852713178294
KEF-CPH-20260926,KEF-CPH,2026-09-26,180,140,True,104,18459.25,57.77777777777778,177.49278846153845
KEF-CPH-20260929,KEF-CPH,2026-09-29,180,140,True,124,21717.15,68.88888888888889,175.13830645161292
KEF-CPH-20261002,KEF-CPH,2026-10-02,180,140,True,151,26549.69,83.88888888888889,175.82576158940395
KEF-CPH-20261005,KEF-CPH,2026-10-05,180,140,True,115,20871.95,63.888888888888886,181.49521739130435
KEF-CPH-20261008,KEF-CPH,2026-10-08,180,140,True,101,18027.26,56.111111111111114,178.4877227722772
KEF-CPH-20261011,KEF-CPH,2026-10-11,180,140,True,125,22046.85,69.44444444444444,176.3748
KEF-CPH-20261014,KEF-CPH,2026-10-14,180,140,True,125,22278.69,69.44444444444444,178.22951999999998
KEF-CPH-20261017,KEF-CPH,2026-10-17,180,140,True,117,20576.55,65.0,175.8679487179487
KEF-CPH-20261020,KEF-CPH,2026-10-20,180,140,True,99,17175.07,55.0,173.48555555555555
KEF-JFK-20260701,KEF-JFK,2026-07-01,240,350,True,189,85437.96,78.75,452.0526984126984
KEF-JFK-20260704,KEF-JFK,2026-07-04,240,350,True,167,75738.71,69.58333333333333,453.52520958083835
KEF-JFK-20260707,KEF-JFK,2026-07-07,240,350,True,196,86702.31,81.66666666666667,442.3587244897959
KEF-JFK-20260710,KEF-JFK,2026-07-10,240,350,True,206,92237.92,85.83333333333333,447.75689320388346
KEF-JFK-20260713,KEF-JFK,2026-07-13,240,350,True,192,84792.38,80.0,441.6269791666667
KEF-JFK-20260716,KEF-JFK,2026-07-16,240,350,True,192,85240.22,80.0,443.95947916666665
KEF-JFK-20260719,KEF-JFK,2026-07-19,240,350,True,167,74554.63,69.58333333333333,446.4349101796407
KEF-JFK-20260722,KEF-JFK,2026-07-22,240,350,True,192,85410.69,80.0,444.84734375
KEF-JFK-20260725,KEF-JFK,2026-07-25,240,350,True,186,84293.42,77.5,453.1904301075269
KEF-JFK-20260728,KEF-JFK,2026-07-28,240,350,True,201,89513.35,83.75,445.3400497512438
KEF-JFK-20260731,KEF-JFK,2026-07-31,240,350,True,186,82616.38,77.5,444.1740860215054
KEF-JFK-20260803,KEF-JFK,2026-08-03,240,350,True,204,92849.61,85.0,455.1451470588235
KEF-JFK-20260806,KEF-JFK,2026-08-06,240,350,True,188,83558.28,78.33333333333333,444.4589361702128
KEF-JFK-20260809,KEF-JFK,2026-08-09,240,350,True,205,91936.7,85.41666666666667,448.47170731707314
KEF-JFK-20260812,KEF-JFK,2026-08-12,240,350,True,157,69503.62,65.41666666666667,442.69821656050954
KEF-JFK-20260815,KEF-JFK,2026-08-15,240,350,True,186,82935.17,77.5,445.88801075268816
KEF-JFK-20260818,KEF-JFK,2026-08-18,240,350,True,179,79842.13,74.58333333333333,446.0454189944134
KEF-JFK-20260821,KEF-JFK,2026-08-21,240,350,True,159,71824.84,66.25,451.7285534591195
KEF-JFK-20260824,KEF-JFK,2026-08-24,240,350,True,186,81104.92,77.5,436.0479569892473
KEF-JFK-20260827,KEF-JFK,2026-08-27,240,350,True,179,81144.94,74.58333333333333,453.323687150838
KEF-JFK-20260830,KEF-JFK,2026-08-30,240,350,True,172,76597.36,71.66666666666667,445.33348837209303
KEF-JFK-20260902,KEF-JFK,2026-09-02,240,350,True,164,74443.5,68.33333333333333,453.9237804878049
KEF-JFK-20260905,KEF-JFK,2026-09-05,240,350,True,200,91112.88,83.33333333333333,455.56440000000003
KEF-JFK-20260908,KEF-JFK,2026-09-08,240,350,True,155,69004.39,64.58333333333333,445.1896129032258
KEF-JFK-20260911,KEF-JFK,2026-09-11,240,350,True,156,69134.76,65.0,443.17153846153843
KEF-JFK-20260914,KEF-JFK,2026-09-14,240,350,True,184,82445.43,76.66666666666667,448.07298913043473
KEF-JFK-20260917,KEF-JFK,2026-09-17,240,350,True,195,87197.86,81.25,447.16851282051283
KEF-JFK-20260920,KEF-JFK,2026-09-20,240,350,True,183,81310.52,76.25,444.319781420765
KEF-JFK-20260923,KEF-JFK,2026-09-23,240,350,True,197,86757.15,82.08333333333333,440.3916243654822
KEF-JFK-20260926,KEF-JFK,2026-09-26,240,350,True,186,84462.82,77.5,454.10118279569895
KEF-JFK-20260929,KEF-JFK,2026-09-29,240,350,True,194,86397.96,80.83333333333333,445.35030927835055
KEF-JFK-20261002,KEF-JFK,2026-10-02,240,350,True,204,91044.61,85.0,446.29710784313727
KEF-JFK-20261005,KEF-JFK,2026-10-05,240,350,True,181,80892.08,75.41666666666667,446.9175690607735
KEF-JFK-20261008,KEF-JFK,2026-10-08,240,350,True,179,80185.78,74.58333333333333,447.96525139664806
KEF-JFK-20261011,KEF-JFK,2026-10-11,240,350,True,212,95992.27,88.33333333333333,452.79372641509434
KEF-JFK-20261014,KEF-JFK,2026-10-14,240,350,True,178,80874.12,74.16666666666667,454.3489887640449
KEF-JFK-20261017,KEF-JFK,2026-10-17,240,350,True,157,71291.0,65.41666666666667,454.0828025477707
KEF-JFK-20261020,KEF-JFK,2026-10-20,240,350,True,198,89272.13,82.5,450.8693434343435
