flight_id,route,days_to_departure,seats_remaining,price_change_pct,demand_change_pct,assumed_future_fare_eur,baseline_unconstrained_demand,expected_additional_passengers,capacity_constrained,future_sales_revenue_eur,baseline_future_revenue_eur,revenue_change_eur,scenario_total_booked_revenue_eur,is_synthetic
KEF-CPH-20261008,KEF-CPH,1,59,-10.0,-20.0,182.70000000000002,0.0,0.0,False,0.0,0.0,0.0,22039.21,True
KEF-CPH-20261008,KEF-CPH,1,59,-10.0,0.0,182.70000000000002,0.0,0.0,False,0.0,0.0,0.0,22039.21,True
KEF-CPH-20261008,KEF-CPH,1,59,-10.0,20.0,182.70000000000002,0.0,0.0,False,0.0,0.0,0.0,22039.21,True
KEF-CPH-20261008,KEF-CPH,1,59,0.0,-20.0,203.0,0.0,0.0,False,0.0,0.0,0.0,22039.21,True
KEF-CPH-20261008,KEF-CPH,1,59,0.0,0.0,203.0,0.0,0.0,False,0.0,0.0,0.0,22039.21,True
KEF-CPH-20261008,KEF-CPH,1,59,0.0,20.0,203.0,0.0,0.0,False,0.0,0.0,0.0,22039.21,True
KEF-CPH-20261008,KEF-CPH,1,59,10.0,-20.0,223.3,0.0,0.0,False,0.0,0.0,0.0,22039.21,True
KEF-CPH-20261008,KEF-CPH,1,59,10.0,0.0,223.3,0.0,0.0,False,0.0,0.0,0.0,22039.21,True
KEF-CPH-20261008,KEF-CPH,1,59,10.0,20.0,223.3,0.0,0.0,False,0.0,0.0,0.0,22039.21,True
KEF-JFK-20261008,KEF-JFK,1,33,-10.0,-20.0,456.75,0.0,0.0,False,0.0,0.0,0.0,94460.84,True
KEF-JFK-20261008,KEF-JFK,1,33,-10.0,0.0,456.75,0.0,0.0,False,0.0,0.0,0.0,94460.84,True
KEF-JFK-20261008,KEF-JFK,1,33,-10.0,20.0,456.75,0.0,0.0,False,0.0,0.0,0.0,94460.84,True
KEF-JFK-20261008,KEF-JFK,1,33,0.0,-20.0,507.5,0.0,0.0,False,0.0,0.0,0.0,94460.84,True
KEF-JFK-20261008,KEF-JFK,1,33,0.0,0.0,507.5,0.0,0.0,False,0.0,0.0,0.0,94460.84,True
KEF-JFK-20261008,KEF-JFK,1,33,0.0,20.0,507.5,0.0,0.0,False,0.0,0.0,0.0,94460.84,True
KEF-JFK-20261008,KEF-JFK,1,33,10.0,-20.0,558.25,0.0,0.0,False,0.0,0.0,0.0,94460.84,True
KEF-JFK-20261008,KEF-JFK,1,33,10.0,0.0,558.25,0.0,0.0,False,0.0,0.0,0.0,94460.84,True
KEF-JFK-20261008,KEF-JFK,1,33,10.0,20.0,558.25,0.0,0.0,False,0.0,0.0,0.0,94460.84,True
KEF-LHR-20261008,KEF-LHR,1,27,-10.0,-20.0,234.9,0.0,0.0,False,0.0,0.0,0.0,35679.33,True
KEF-LHR-20261008,KEF-LHR,1,27,-10.0,0.0,234.9,0.0,0.0,False,0.0,0.0,0.0,35679.33,True
KEF-LHR-20261008,KEF-LHR,1,27,-10.0,20.0,234.9,0.0,0.0,False,0.0,0.0,0.0,35679.33,True
KEF-LHR-20261008,KEF-LHR,1,27,0.0,-20.0,261.0,0.0,0.0,False,0.0,0.0,0.0,35679.33,True
KEF-LHR-20261008,KEF-LHR,1,27,0.0,0.0,261.0,0.0,0.0,False,0.0,0.0,0.0,35679.33,True
KEF-LHR-20261008,KEF-LHR,1,27,0.0,20.0,261.0,0.0,0.0,False,0.0,0.0,0.0,35679.33,True
KEF-LHR-20261008,KEF-LHR,1,27,10.0,-20.0,287.1,0.0,0.0,False,0.0,0.0,0.0,35679.33,True
KEF-LHR-20261008,KEF-LHR,1,27,10.0,0.0,287.1,0.0,0.0,False,0.0,0.0,0.0,35679.33,True
KEF-LHR-20261008,KEF-LHR,1,27,10.0,20.0,287.1,0.0,0.0,False,0.0,0.0,0.0,35679.33,True
KEF-CPH-20261011,KEF-CPH,4,40,-10.0,-20.0,182.70000000000002,2.090909090909091,1.6727272727272728,False,305.6072727272728,424.45454545454544,-118.84727272727264,25288.817272727272,True
KEF-CPH-20261011,KEF-CPH,4,40,-10.0,0.0,182.70000000000002,2.090909090909091,2.090909090909091,False,382.00909090909096,424.45454545454544,-42.44545454545448,25365.21909090909,True
KEF-CPH-20261011,KEF-CPH,4,40,-10.0,20.0,182.70000000000002,2.090909090909091,2.509090909090909,False,458.41090909090906,424.45454545454544,33.95636363636362,25441.620909090907,True
KEF-CPH-20261011,KEF-CPH,4,40,0.0,-20.0,203.0,2.090909090909091,1.6727272727272728,False,339.56363636363636,424.45454545454544,-84.89090909090908,25322.773636363636,True
KEF-CPH-20261011,KEF-CPH,4,40,0.0,0.0,203.0,2.090909090909091,2.090909090909091,False,424.45454545454544,424.45454545454544,0.0,25407.664545454543,True
KEF-CPH-20261011,KEF-CPH,4,40,0.0,20.0,203.0,2.090909090909091,2.509090909090909,False,509.3454545454545,424.45454545454544,84.89090909090908,25492.555454545454,True
KEF-CPH-20261011,KEF-CPH,4,40,10.0,-20.0,223.3,2.090909090909091,1.6727272727272728,False,373.52000000000004,424.45454545454544,-50.9345454545454,25356.73,True
KEF-CPH-20261011,KEF-CPH,4,40,10.0,0.0,223.3,2.090909090909091,2.090909090909091,False,466.90000000000003,424.45454545454544,42.445454545454595,25450.11,True
KEF-CPH-20261011,KEF-CPH,4,40,10.0,20.0,223.3,2.090909090909091,2.509090909090909,False,560.28,424.45454545454544,135.82545454545453,25543.489999999998,True
KEF-JFK-20261011,KEF-JFK,4,6,-10.0,-20.0,456.75,3.121212121212121,2.496969696969697,False,1140.490909090909,1584.0151515151515,-443.5242424242424,107568.68090909091,True
KEF-JFK-20261011,KEF-JFK,4,6,-10.0,0.0,456.75,3.121212121212121,3.121212121212121,False,1425.6136363636363,1584.0151515151515,-158.40151515151524,107853.80363636363,True
KEF-JFK-20261011,KEF-JFK,4,6,-10.0,20.0,456.75,3.121212121212121,3.745454545454545,False,1710.7363636363634,1584.0151515151515,126.72121212121192,108138.92636363636,True
KEF-JFK-20261011,KEF-JFK,4,6,0.0,-20.0,507.5,3.121212121212121,2.496969696969697,False,1267.2121212121212,1584.0151515151515,-316.80303030303025,107695.40212121213,True
KEF-JFK-20261011,KEF-JFK,4,6,0.0,0.0,507.5,3.121212121212121,3.121212121212121,False,1584.0151515151515,1584.0151515151515,0.0,108012.20515151515,True
KEF-JFK-20261011,KEF-JFK,4,6,0.0,20.0,507.5,3.121212121212121,3.745454545454545,False,1900.8181818181818,1584.0151515151515,316.80303030303025,108329.00818181818,True
KEF-JFK-20261011,KEF-JFK,4,6,10.0,-20.0,558.25,3.121212121212121,2.496969696969697,False,1393.9333333333334,1584.0151515151515,-190.0818181818181,107822.12333333334,True
KEF-JFK-20261011,KEF-JFK,4,6,10.0,0.0,558.25,3.121212121212121,3.121212121212121,False,1742.4166666666665,1584.0151515151515,158.401515151515,108170.60666666667,True
KEF-JFK-20261011,KEF-JFK,4,6,10.0,20.0,558.25,3.121212121212121,3.745454545454545,False,2090.8999999999996,1584.0151515151515,506.88484848484813,108519.09,True
KEF-LHR-20261011,KEF-LHR,4,31,-10.0,-20.0,234.9,2.4242424242424243,1.9393939393939394,False,455.56363636363636,632.7272727272727,-177.16363636363639,35337.68363636364,True
KEF-LHR-20261011,KEF-LHR,4,31,-10.0,0.0,234.9,2.4242424242424243,2.4242424242424243,False,569.4545454545455,632.7272727272727,-63.27272727272725,35451.57454545455,True
KEF-LHR-20261011,KEF-LHR,4,31,-10.0,20.0,234.9,2.4242424242424243,2.909090909090909,False,683.3454545454546,632.7272727272727,50.618181818181824,35565.465454545454,True
KEF-LHR-20261011,KEF-LHR,4,31,0.0,-20.0,261.0,2.4242424242424243,1.9393939393939394,False,506.1818181818182,632.7272727272727,-126.54545454545456,35388.30181818182,True
KEF-LHR-20261011,KEF-LHR,4,31,0.0,0.0,261.0,2.4242424242424243,2.4242424242424243,False,632.7272727272727,632.7272727272727,0.0,35514.847272727275,True
KEF-LHR-20261011,KEF-LHR,4,31,0.0,20.0,261.0,2.4242424242424243,2.909090909090909,False,759.2727272727273,632.7272727272727,126.5454545454545,35641.39272727273,True
KEF-LHR-20261011,KEF-LHR,4,31,10.0,-20.0,287.1,2.4242424242424243,1.9393939393939394,False,556.8000000000001,632.7272727272727,-75.92727272727268,35438.920000000006,True
KEF-LHR-20261011,KEF-LHR,4,31,10.0,0.0,287.1,2.4242424242424243,2.4242424242424243,False,696.0000000000001,632.7272727272727,63.272727272727366,35578.12,True
KEF-LHR-20261011,KEF-LHR,4,31,10.0,20.0,287.1,2.4242424242424243,2.909090909090909,False,835.2,632.7272727272727,202.4727272727273,35717.32,True
KEF-CPH-20261014,KEF-CPH,7,36,-10.0,-20.0,182.70000000000002,6.757575757575758,5.406060606060606,False,987.6872727272729,1371.7878787878788,-384.10060606060586,26992.157272727272,True
KEF-CPH-20261014,KEF-CPH,7,36,-10.0,0.0,182.70000000000002,6.757575757575758,6.757575757575758,False,1234.609090909091,1371.7878787878788,-137.17878787878772,27239.079090909094,True
KEF-CPH-20261014,KEF-CPH,7,36,-10.0,20.0,182.70000000000002,6.757575757575758,8.10909090909091,False,1481.5309090909093,1371.7878787878788,109.74303030303054,27486.00090909091,True
KEF-CPH-20261014,KEF-CPH,7,36,0.0,-20.0,203.0,6.757575757575758,5.406060606060606,False,1097.430303030303,1371.7878787878788,-274.35757575757566,27101.900303030303,True
KEF-CPH-20261014,KEF-CPH,7,36,0.0,0.0,203.0,6.757575757575758,6.757575757575758,False,1371.7878787878788,1371.7878787878788,0.0,27376.25787878788,True
KEF-CPH-20261014,KEF-CPH,7,36,0.0,20.0,203.0,6.757575757575758,8.10909090909091,False,1646.1454545454546,1371.7878787878788,274.3575757575759,27650.615454545456,True
KEF-CPH-20261014,KEF-CPH,7,36,10.0,-20.0,223.3,6.757575757575758,5.406060606060606,False,1207.1733333333334,1371.7878787878788,-164.61454545454535,27211.643333333333,True
KEF-CPH-20261014,KEF-CPH,7,36,10.0,0.0,223.3,6.757575757575758,6.757575757575758,False,1508.9666666666667,1371.7878787878788,137.17878787878794,27513.43666666667,True
KEF-CPH-20261014,KEF-CPH,7,36,10.0,20.0,223.3,6.757575757575758,8.10909090909091,False,1810.7600000000002,1371.7878787878788,438.97212121212146,27815.230000000003,True
KEF-JFK-20261014,KEF-JFK,7,41,-10.0,-20.0,456.75,8.818181818181818,7.054545454545455,False,3222.163636363636,4475.227272727273,-1253.0636363636368,94395.25363636363,True
KEF-JFK-20261014,KEF-JFK,7,41,-10.0,0.0,456.75,8.818181818181818,8.818181818181818,False,4027.7045454545455,4475.227272727273,-447.5227272727275,95200.79454545454,True
KEF-JFK-20261014,KEF-JFK,7,41,-10.0,20.0,456.75,8.818181818181818,10.581818181818182,False,4833.245454545455,4475.227272727273,358.0181818181818,96006.33545454545,True
KEF-JFK-20261014,KEF-JFK,7,41,0.0,-20.0,507.5,8.818181818181818,7.054545454545455,False,3580.1818181818185,4475.227272727273,-895.0454545454545,94753.27181818182,True
KEF-JFK-20261014,KEF-JFK,7,41,0.0,0.0,507.5,8.818181818181818,8.818181818181818,False,4475.227272727273,4475.227272727273,0.0,95648.31727272728,True
KEF-JFK-20261014,KEF-JFK,7,41,0.0,20.0,507.5,8.818181818181818,10.581818181818182,False,5370.272727272727,4475.227272727273,895.045454545454,96543.36272727272,True
KEF-JFK-20261014,KEF-JFK,7,41,10.0,-20.0,558.25,8.818181818181818,7.054545454545455,False,3938.2000000000003,4475.227272727273,-537.0272727272727,95111.29,True
KEF-JFK-20261014,KEF-JFK,7,41,10.0,0.0,558.25,8.818181818181818,8.818181818181818,False,4922.75,4475.227272727273,447.522727272727,96095.84,True
KEF-JFK-20261014,KEF-JFK,7,41,10.0,20.0,558.25,8.818181818181818,10.581818181818182,False,5907.3,4475.227272727273,1432.0727272727272,97080.39,True
KEF-LHR-20261014,KEF-LHR,7,34,-10.0,-20.0,234.9,6.545454545454545,5.236363636363636,False,1230.0218181818182,1708.3636363636363,-478.3418181818181,35453.58181818182,True
KEF-LHR-20261014,KEF-LHR,7,34,-10.0,0.0,234.9,6.545454545454545,6.545454545454545,False,1537.5272727272727,1708.3636363636363,-170.83636363636356,35761.08727272727,True
KEF-LHR-20261014,KEF-LHR,7,34,-10.0,20.0,234.9,6.545454545454545,7.854545454545454,False,1845.032727272727,1708.3636363636363,136.66909090909076,36068.59272727273,True
KEF-LHR-20261014,KEF-LHR,7,34,0.0,-20.0,261.0,6.545454545454545,5.236363636363636,False,1366.6909090909091,1708.3636363636363,-341.6727272727271,35590.25090909091,True
KEF-LHR-20261014,KEF-LHR,7,34,0.0,0.0,261.0,6.545454545454545,6.545454545454545,False,1708.3636363636363,1708.3636363636363,0.0,35931.92363636364,True
KEF-LHR-20261014,KEF-LHR,7,34,0.0,20.0,261.0,6.545454545454545,7.854545454545454,False,2050.0363636363636,1708.3636363636363,341.67272727272734,36273.59636363636,True
KEF-LHR-20261014,KEF-LHR,7,34,10.0,-20.0,287.1,6.545454545454545,5.236363636363636,False,1503.3600000000001,1708.3636363636363,-205.00363636363613,35726.92,True
KEF-LHR-20261014,KEF-LHR,7,34,10.0,0.0,287.1,6.545454545454545,6.545454545454545,False,1879.2,1708.3636363636363,170.83636363636379,36102.759999999995,True
KEF-LHR-20261014,KEF-LHR,7,34,10.0,20.0,287.1,6.545454545454545,7.854545454545454,False,2255.04,1708.3636363636363,546.6763636363637,36478.6,True
KEF-CPH-20261017,KEF-CPH,10,59,-10.0,-20.0,182.70000000000002,12.212121212121213,9.769696969696971,False,1784.923636363637,2479.060606060606,-694.1369696969691,23159.203636363636,True
KEF-CPH-20261017,KEF-CPH,10,59,-10.0,0.0,182.70000000000002,12.212121212121213,12.212121212121213,False,2231.1545454545458,2479.060606060606,-247.90606060606024,23605.434545454544,True
KEF-CPH-20261017,KEF-CPH,10,59,-10.0,20.0,182.70000000000002,12.212121212121213,14.654545454545454,False,2677.3854545454546,2479.060606060606,198.32484848484864,24051.665454545455,True
KEF-CPH-20261017,KEF-CPH,10,59,0.0,-20.0,203.0,12.212121212121213,9.769696969696971,False,1983.248484848485,2479.060606060606,-495.8121212121209,23357.528484848484,True
KEF-CPH-20261017,KEF-CPH,10,59,0.0,0.0,203.0,12.212121212121213,12.212121212121213,False,2479.060606060606,2479.060606060606,0.0,23853.340606060607,True
KEF-CPH-20261017,KEF-CPH,10,59,0.0,20.0,203.0,12.212121212121213,14.654545454545454,False,2974.8727272727274,2479.060606060606,495.8121212121214,24349.152727272725,True
KEF-CPH-20261017,KEF-CPH,10,59,10.0,-20.0,223.3,12.212121212121213,9.769696969696971,False,2181.5733333333337,2479.060606060606,-297.4872727272723,23555.853333333333,True
KEF-CPH-20261017,KEF-CPH,10,59,10.0,0.0,223.3,12.212121212121213,12.212121212121213,False,2726.966666666667,2479.060606060606,247.90606060606115,24101.246666666666,True
KEF-CPH-20261017,KEF-CPH,10,59,10.0,20.0,223.3,12.212121212121213,14.654545454545454,False,3272.36,2479.060606060606,793.2993939393941,24646.64,True
KEF-JFK-20261017,KEF-JFK,10,69,-10.0,-20.0,456.75,16.3030303030303,13.042424242424241,False,5957.127272727272,8273.787878787878,-2316.6606060606064,83931.28727272728,True
KEF-JFK-20261017,KEF-JFK,10,69,-10.0,0.0,456.75,16.3030303030303,16.3030303030303,False,7446.40909090909,8273.787878787878,-827.378787878788,85420.56909090909,True
KEF-JFK-20261017,KEF-JFK,10,69,-10.0,20.0,456.75,16.3030303030303,19.56363636363636,False,8935.690909090907,8273.787878787878,661.9030303030286,86909.8509090909,True
KEF-JFK-20261017,KEF-JFK,10,69,0.0,-20.0,507.5,16.3030303030303,13.042424242424241,False,6619.030303030302,8273.787878787878,-1654.757575757576,84593.19030303031,True
KEF-JFK-20261017,KEF-JFK,10,69,0.0,0.0,507.5,16.3030303030303,16.3030303030303,False,8273.787878787878,8273.787878787878,0.0,86247.94787878788,True
KEF-JFK-20261017,KEF-JFK,10,69,0.0,20.0,507.5,16.3030303030303,19.56363636363636,False,9928.545454545452,8273.787878787878,1654.7575757575742,87902.70545454546,True
KEF-JFK-20261017,KEF-JFK,10,69,10.0,-20.0,558.25,16.3030303030303,13.042424242424241,False,7280.9333333333325,8273.787878787878,-992.8545454545456,85255.09333333334,True
KEF-JFK-20261017,KEF-JFK,10,69,10.0,0.0,558.25,16.3030303030303,16.3030303030303,False,9101.166666666666,8273.787878787878,827.378787878788,87075.32666666668,True
KEF-JFK-20261017,KEF-JFK,10,69,10.0,20.0,558.25,16.3030303030303,19.56363636363636,False,10921.399999999998,8273.787878787878,2647.6121212121197,88895.56,True
KEF-LHR-20261017,KEF-LHR,10,33,-10.0,-20.0,234.9,12.393939393939393,9.915151515151514,False,2329.069090909091,3234.8181818181815,-905.7490909090907,36887.95909090909,True
KEF-LHR-20261017,KEF-LHR,10,33,-10.0,0.0,234.9,12.393939393939393,12.393939393939393,False,2911.3363636363633,3234.8181818181815,-323.4818181818182,37470.226363636364,True
KEF-LHR-20261017,KEF-LHR,10,33,-10.0,20.0,234.9,12.393939393939393,14.872727272727271,False,3493.6036363636363,3234.8181818181815,258.78545454545474,38052.49363636364,True
KEF-LHR-20261017,KEF-LHR,10,33,0.0,-20.0,261.0,12.393939393939393,9.915151515151514,False,2587.854545454545,3234.8181818181815,-646.9636363636364,37146.744545454545,True
KEF-LHR-20261017,KEF-LHR,10,33,0.0,0.0,261.0,12.393939393939393,12.393939393939393,False,3234.8181818181815,3234.8181818181815,0.0,37793.70818181818,True
KEF-LHR-20261017,KEF-LHR,10,33,0.0,20.0,261.0,12.393939393939393,14.872727272727271,False,3881.781818181818,3234.8181818181815,646.9636363636364,38440.671818181814,True
KEF-LHR-20261017,KEF-LHR,10,33,10.0,-20.0,287.1,12.393939393939393,9.915151515151514,False,2846.64,3234.8181818181815,-388.17818181818166,37405.53,True
KEF-LHR-20261017,KEF-LHR,10,33,10.0,0.0,287.1,12.393939393939393,12.393939393939393,False,3558.2999999999997,3234.8181818181815,323.4818181818182,38117.19,True
KEF-LHR-20261017,KEF-LHR,10,33,10.0,20.0,287.1,12.393939393939393,14.872727272727271,False,4269.96,3234.8181818181815,1035.1418181818185,38828.85,True
KEF-CPH-20261020,KEF-CPH,13,78,-10.0,-20.0,182.70000000000002,18.333333333333332,14.666666666666666,False,2679.6000000000004,3721.6666666666665,-1042.0666666666662,20436.230000000003,True
KEF-CPH-20261020,KEF-CPH,13,78,-10.0,0.0,182.70000000000002,18.333333333333332,18.333333333333332,False,3349.5,3721.6666666666665,-372.1666666666665,21106.13,True
KEF-CPH-20261020,KEF-CPH,13,78,-10.0,20.0,182.70000000000002,18.333333333333332,21.999999999999996,False,4019.3999999999996,3721.6666666666665,297.7333333333331,21776.03,True
KEF-CPH-20261020,KEF-CPH,13,78,0.0,-20.0,203.0,18.333333333333332,14.666666666666666,False,2977.333333333333,3721.6666666666665,-744.3333333333335,20733.963333333333,True
KEF-CPH-20261020,KEF-CPH,13,78,0.0,0.0,203.0,18.333333333333332,18.333333333333332,False,3721.6666666666665,3721.6666666666665,0.0,21478.29666666667,True
KEF-CPH-20261020,KEF-CPH,13,78,0.0,20.0,203.0,18.333333333333332,21.999999999999996,False,4465.999999999999,3721.6666666666665,744.3333333333326,22222.63,True
KEF-CPH-20261020,KEF-CPH,13,78,10.0,-20.0,223.3,18.333333333333332,14.666666666666666,False,3275.0666666666666,3721.6666666666665,-446.5999999999999,21031.696666666667,True
KEF-CPH-20261020,KEF-CPH,13,78,10.0,0.0,223.3,18.333333333333332,18.333333333333332,False,4093.8333333333335,3721.6666666666665,372.16666666666697,21850.463333333333,True
KEF-CPH-20261020,KEF-CPH,13,78,10.0,20.0,223.3,18.333333333333332,21.999999999999996,False,4912.599999999999,3721.6666666666665,1190.933333333333,22669.23,True
KEF-JFK-20261020,KEF-JFK,13,40,-10.0,-20.0,456.75,24.90909090909091,19.92727272727273,False,9101.781818181818,12641.363636363636,-3539.5818181818177,99301.35181818182,True
KEF-JFK-20261020,KEF-JFK,13,40,-10.0,0.0,456.75,24.90909090909091,24.90909090909091,False,11377.227272727274,12641.363636363636,-1264.1363636363621,101576.79727272729,True
KEF-JFK-20261020,KEF-JFK,13,40,-10.0,20.0,456.75,24.90909090909091,29.89090909090909,False,13652.672727272728,12641.363636363636,1011.3090909090915,103852.24272727274,True
KEF-JFK-20261020,KEF-JFK,13,40,0.0,-20.0,507.5,24.90909090909091,19.92727272727273,False,10113.09090909091,12641.363636363636,-2528.272727272726,100312.66090909092,True
KEF-JFK-20261020,KEF-JFK,13,40,0.0,0.0,507.5,24.90909090909091,24.90909090909091,False,12641.363636363636,12641.363636363636,0.0,102840.93363636364,True
KEF-JFK-20261020,KEF-JFK,13,40,0.0,20.0,507.5,24.90909090909091,29.89090909090909,False,15169.636363636364,12641.363636363636,2528.272727272728,105369.20636363637,True
KEF-JFK-20261020,KEF-JFK,13,40,10.0,-20.0,558.25,24.90909090909091,19.92727272727273,False,11124.400000000001,12641.363636363636,-1516.9636363636346,101323.97,True
KEF-JFK-20261020,KEF-JFK,13,40,10.0,0.0,558.25,24.90909090909091,24.90909090909091,False,13905.5,12641.363636363636,1264.136363636364,104105.07,True
KEF-JFK-20261020,KEF-JFK,13,40,10.0,20.0,558.25,24.90909090909091,29.89090909090909,False,16686.6,12641.363636363636,4045.2363636363625,106886.17000000001,True
KEF-LHR-20261020,KEF-LHR,13,31,-10.0,-20.0,234.9,18.545454545454547,14.836363636363638,False,3485.0618181818186,4840.363636363637,-1355.3018181818184,37557.53181818182,True
KEF-LHR-20261020,KEF-LHR,13,31,-10.0,0.0,234.9,18.545454545454547,18.545454545454547,False,4356.327272727273,4840.363636363637,-484.0363636363636,38428.79727272727,True
KEF-LHR-20261020,KEF-LHR,13,31,-10.0,20.0,234.9,18.545454545454547,22.254545454545454,False,5227.592727272728,4840.363636363637,387.2290909090907,39300.06272727273,True
KEF-LHR-20261020,KEF-LHR,13,31,0.0,-20.0,261.0,18.545454545454547,14.836363636363638,False,3872.2909090909093,4840.363636363637,-968.0727272727277,37944.76090909091,True
KEF-LHR-20261020,KEF-LHR,13,31,0.0,0.0,261.0,18.545454545454547,18.545454545454547,False,4840.363636363637,4840.363636363637,0.0,38912.83363636364,True
KEF-LHR-20261020,KEF-LHR,13,31,0.0,20.0,261.0,18.545454545454547,22.254545454545454,False,5808.436363636363,4840.363636363637,968.0727272727263,39880.906363636364,True
KEF-LHR-20261020,KEF-LHR,13,31,10.0,-20.0,287.1,18.545454545454547,14.836363636363638,False,4259.52,4840.363636363637,-580.8436363636365,38331.990000000005,True
KEF-LHR-20261020,KEF-LHR,13,31,10.0,0.0,287.1,18.545454545454547,18.545454545454547,False,5324.400000000001,4840.363636363637,484.0363636363636,39396.87,True
KEF-LHR-20261020,KEF-LHR,13,31,10.0,20.0,287.1,18.545454545454547,22.254545454545454,False,6389.280000000001,4840.363636363637,1548.9163636363637,40461.75,True
KEF-CPH-20261023,KEF-CPH,16,54,-10.0,-20.0,182.70000000000002,24.96969696969697,19.975757575757576,False,3649.5709090909095,5068.848484848485,-1419.2775757575755,26400.310909090913,True
KEF-CPH-20261023,KEF-CPH,16,54,-10.0,0.0,182.70000000000002,24.96969696969697,24.96969696969697,False,4561.963636363636,5068.848484848485,-506.8848484848486,27312.703636363636,True
KEF-CPH-20261023,KEF-CPH,16,54,-10.0,20.0,182.70000000000002,24.96969696969697,29.96363636363636,False,5474.356363636363,5068.848484848485,405.5078787878783,28225.096363636367,True
KEF-CPH-20261023,KEF-CPH,16,54,0.0,-20.0,203.0,24.96969696969697,19.975757575757576,False,4055.078787878788,5068.848484848485,-1013.7696969696972,26805.81878787879,True
KEF-CPH-20261023,KEF-CPH,16,54,0.0,0.0,203.0,24.96969696969697,24.96969696969697,False,5068.848484848485,5068.848484848485,0.0,27819.588484848486,True
KEF-CPH-20261023,KEF-CPH,16,54,0.0,20.0,203.0,24.96969696969697,29.96363636363636,False,6082.618181818181,5068.848484848485,1013.7696969696963,28833.358181818185,True
KEF-CPH-20261023,KEF-CPH,16,54,10.0,-20.0,223.3,24.96969696969697,19.975757575757576,False,4460.586666666667,5068.848484848485,-608.261818181818,27211.326666666668,True
KEF-CPH-20261023,KEF-CPH,16,54,10.0,0.0,223.3,24.96969696969697,24.96969696969697,False,5575.733333333334,5068.848484848485,506.8848484848486,28326.473333333335,True
KEF-CPH-20261023,KEF-CPH,16,54,10.0,20.0,223.3,24.96969696969697,29.96363636363636,False,6690.88,5068.848484848485,1622.0315151515151,29441.620000000003,True
KEF-JFK-20261023,KEF-JFK,16,49,-10.0,-20.0,456.75,35.0,28.0,False,12789.0,17762.5,-4973.5,98119.87,True
KEF-JFK-20261023,KEF-JFK,16,49,-10.0,0.0,456.75,35.0,35.0,False,15986.25,17762.5,-1776.25,101317.12,True
KEF-JFK-20261023,KEF-JFK,16,49,-10.0,20.0,456.75,35.0,42.0,False,19183.5,17762.5,1421.0,104514.37,True
KEF-JFK-20261023,KEF-JFK,16,49,0.0,-20.0,507.5,35.0,28.0,False,14210.0,17762.5,-3552.5,99540.87,True
KEF-JFK-20261023,KEF-JFK,16,49,0.0,0.0,507.5,35.0,35.0,False,17762.5,17762.5,0.0,103093.37,True
KEF-JFK-20261023,KEF-JFK,16,49,0.0,20.0,507.5,35.0,42.0,False,21315.0,17762.5,3552.5,106645.87,True
KEF-JFK-20261023,KEF-JFK,16,49,10.0,-20.0,558.25,35.0,28.0,False,15631.0,17762.5,-2131.5,100961.87,True
KEF-JFK-20261023,KEF-JFK,16,49,10.0,0.0,558.25,35.0,35.0,False,19538.75,17762.5,1776.25,104869.62,True
KEF-JFK-20261023,KEF-JFK,16,49,10.0,20.0,558.25,35.0,42.0,False,23446.5,17762.5,5684.0,108777.37,True
KEF-LHR-20261023,KEF-LHR,16,52,-10.0,-20.0,234.9,25.848484848484848,20.67878787878788,False,4857.447272727273,6746.454545454545,-1889.0072727272718,33619.54727272727,True
KEF-LHR-20261023,KEF-LHR,16,52,-10.0,0.0,234.9,25.848484848484848,25.848484848484848,False,6071.809090909091,6746.454545454545,-674.6454545454544,34833.90909090909,True
KEF-LHR-20261023,KEF-LHR,16,52,-10.0,20.0,234.9,25.848484848484848,31.018181818181816,False,7286.170909090909,6746.454545454545,539.7163636363639,36048.270909090905,True
KEF-LHR-20261023,KEF-LHR,16,52,0.0,-20.0,261.0,25.848484848484848,20.67878787878788,False,5397.163636363636,6746.454545454545,-1349.2909090909088,34159.263636363634,True
KEF-LHR-20261023,KEF-LHR,16,52,0.0,0.0,261.0,25.848484848484848,25.848484848484848,False,6746.454545454545,6746.454545454545,0.0,35508.55454545454,True
KEF-LHR-20261023,KEF-LHR,16,52,0.0,20.0,261.0,25.848484848484848,31.018181818181816,False,8095.745454545454,6746.454545454545,1349.2909090909088,36857.84545454545,True
KEF-LHR-20261023,KEF-LHR,16,52,10.0,-20.0,287.1,25.848484848484848,20.67878787878788,False,5936.880000000001,6746.454545454545,-809.574545454544,34698.979999999996,True
KEF-LHR-20261023,KEF-LHR,16,52,10.0,0.0,287.1,25.848484848484848,25.848484848484848,False,7421.1,6746.454545454545,674.6454545454553,36183.2,True
KEF-LHR-20261023,KEF-LHR,16,52,10.0,20.0,287.1,25.848484848484848,31.018181818181816,False,8905.32,6746.454545454545,2158.8654545454547,37667.42,True
KEF-CPH-20261026,KEF-CPH,19,66,-10.0,-20.0,182.70000000000002,31.424242424242426,25.13939393939394,False,4592.967272727274,6379.121212121212,-1786.1539393939383,24534.287272727273,True
KEF-CPH-20261026,KEF-CPH,19,66,-10.0,0.0,182.70000000000002,31.424242424242426,31.424242424242426,False,5741.209090909092,6379.121212121212,-637.9121212121199,25682.52909090909,True
KEF-CPH-20261026,KEF-CPH,19,66,-10.0,20.0,182.70000000000002,31.424242424242426,37.70909090909091,False,6889.45090909091,6379.121212121212,510.3296969696976,26830.77090909091,True
KEF-CPH-20261026,KEF-CPH,19,66,0.0,-20.0,203.0,31.424242424242426,25.13939393939394,False,5103.29696969697,6379.121212121212,-1275.8242424242417,25044.61696969697,True
KEF-CPH-20261026,KEF-CPH,19,66,0.0,0.0,203.0,31.424242424242426,31.424242424242426,False,6379.121212121212,6379.121212121212,0.0,26320.44121212121,True
KEF-CPH-20261026,KEF-CPH,19,66,0.0,20.0,203.0,31.424242424242426,37.70909090909091,False,7654.945454545455,6379.121212121212,1275.8242424242426,27596.265454545453,True
KEF-CPH-20261026,KEF-CPH,19,66,10.0,-20.0,223.3,31.424242424242426,25.13939393939394,False,5613.626666666667,6379.121212121212,-765.494545454545,25554.946666666667,True
KEF-CPH-20261026,KEF-CPH,19,66,10.0,0.0,223.3,31.424242424242426,31.424242424242426,False,7017.033333333334,6379.121212121212,637.9121212121217,26958.353333333333,True
KEF-CPH-20261026,KEF-CPH,19,66,10.0,20.0,223.3,31.424242424242426,37.70909090909091,False,8420.44,6379.121212121212,2041.3187878787885,28361.760000000002,True
KEF-JFK-20261026,KEF-JFK,19,79,-10.0,-20.0,456.75,46.21212121212121,36.96969696969697,False,16885.909090909092,23452.651515151516,-6566.742424242424,87615.33909090908,True
KEF-JFK-20261026,KEF-JFK,19,79,-10.0,0.0,456.75,46.21212121212121,46.21212121212121,False,21107.386363636364,23452.651515151516,-2345.265151515152,91836.81636363636,True
KEF-JFK-20261026,KEF-JFK,19,79,-10.0,20.0,456.75,46.21212121212121,55.45454545454545,False,25328.863636363636,23452.651515151516,1876.21212121212,96058.29363636363,True
KEF-JFK-20261026,KEF-JFK,19,79,0.0,-20.0,507.5,46.21212121212121,36.96969696969697,False,18762.121212121212,23452.651515151516,-4690.530303030304,89491.55121212121,True
KEF-JFK-20261026,KEF-JFK,19,79,0.0,0.0,507.5,46.21212121212121,46.21212121212121,False,23452.651515151516,23452.651515151516,0.0,94182.08151515151,True
KEF-JFK-20261026,KEF-JFK,19,79,0.0,20.0,507.5,46.21212121212121,55.45454545454545,False,28143.181818181816,23452.651515151516,4690.5303030303,98872.61181818182,True
KEF-JFK-20261026,KEF-JFK,19,79,10.0,-20.0,558.25,46.21212121212121,36.96969696969697,False,20638.333333333332,23452.651515151516,-2814.318181818184,91367.76333333332,True
KEF-JFK-20261026,KEF-JFK,19,79,10.0,0.0,558.25,46.21212121212121,46.21212121212121,False,25797.916666666668,23452.651515151516,2345.265151515152,96527.34666666666,True
KEF-JFK-20261026,KEF-JFK,19,79,10.0,20.0,558.25,46.21212121212121,55.45454545454545,False,30957.5,23452.651515151516,7504.848484848484,101686.93,True
KEF-LHR-20261026,KEF-LHR,19,45,-10.0,-20.0,234.9,33.18181818181818,26.545454545454547,False,6235.527272727273,8660.454545454544,-2424.927272727271,36069.93727272727,True
KEF-LHR-20261026,KEF-LHR,19,45,-10.0,0.0,234.9,33.18181818181818,33.18181818181818,False,7794.409090909091,8660.454545454544,-866.0454545454531,37628.81909090909,True
KEF-LHR-20261026,KEF-LHR,19,45,-10.0,20.0,234.9,33.18181818181818,39.81818181818181,False,9353.290909090909,8660.454545454544,692.8363636363647,39187.70090909091,True
KEF-LHR-20261026,KEF-LHR,19,45,0.0,-20.0,261.0,33.18181818181818,26.545454545454547,False,6928.363636363637,8660.454545454544,-1732.0909090909072,36762.773636363636,True
KEF-LHR-20261026,KEF-LHR,19,45,0.0,0.0,261.0,33.18181818181818,33.18181818181818,False,8660.454545454544,8660.454545454544,0.0,38494.86454545455,True
KEF-LHR-20261026,KEF-LHR,19,45,0.0,20.0,261.0,33.18181818181818,39.81818181818181,False,10392.545454545454,8660.454545454544,1732.09090909091,40226.95545454545,True
KEF-LHR-20261026,KEF-LHR,19,45,10.0,-20.0,287.1,33.18181818181818,26.545454545454547,False,7621.200000000001,8660.454545454544,-1039.2545454545434,37455.61,True
KEF-LHR-20261026,KEF-LHR,19,45,10.0,0.0,287.1,33.18181818181818,33.18181818181818,False,9526.5,8660.454545454544,866.0454545454559,39360.91,True
KEF-LHR-20261026,KEF-LHR,19,45,10.0,20.0,287.1,33.18181818181818,39.81818181818181,False,11431.8,8660.454545454544,2771.345454545455,41266.21,True
KEF-CPH-20261029,KEF-CPH,22,73,-10.0,-20.0,182.70000000000002,38.666666666666664,30.933333333333334,False,5651.52,7849.333333333333,-2197.8133333333326,24497.13,True
KEF-CPH-20261029,KEF-CPH,22,73,-10.0,0.0,182.70000000000002,38.666666666666664,38.666666666666664,False,7064.400000000001,7849.333333333333,-784.9333333333325,25910.010000000002,True
KEF-CPH-20261029,KEF-CPH,22,73,-10.0,20.0,182.70000000000002,38.666666666666664,46.4,False,8477.28,7849.333333333333,627.9466666666676,27322.89,True
KEF-CPH-20261029,KEF-CPH,22,73,0.0,-20.0,203.0,38.666666666666664,30.933333333333334,False,6279.466666666667,7849.333333333333,-1569.8666666666659,25125.076666666668,True
KEF-CPH-20261029,KEF-CPH,22,73,0.0,0.0,203.0,38.666666666666664,38.666666666666664,False,7849.333333333333,7849.333333333333,0.0,26694.943333333333,True
KEF-CPH-20261029,KEF-CPH,22,73,0.0,20.0,203.0,38.666666666666664,46.4,False,9419.199999999999,7849.333333333333,1569.8666666666659,28264.809999999998,True
KEF-CPH-20261029,KEF-CPH,22,73,10.0,-20.0,223.3,38.666666666666664,30.933333333333334,False,6907.413333333334,7849.333333333333,-941.9199999999992,25753.023333333334,True
KEF-CPH-20261029,KEF-CPH,22,73,10.0,0.0,223.3,38.666666666666664,38.666666666666664,False,8634.266666666666,7849.333333333333,784.9333333333334,27479.876666666667,True
KEF-CPH-20261029,KEF-CPH,22,73,10.0,20.0,223.3,38.666666666666664,46.4,False,10361.12,7849.333333333333,2511.7866666666678,29206.730000000003,True
KEF-JFK-20261029,KEF-JFK,22,84,-10.0,-20.0,456.75,57.45454545454545,45.96363636363637,False,20993.89090909091,29158.181818181816,-8164.290909090905,90163.42090909091,True
KEF-JFK-20261029,KEF-JFK,22,84,-10.0,0.0,456.75,57.45454545454545,57.45454545454545,False,26242.363636363636,29158.181818181816,-2915.81818181818,95411.89363636363,True
KEF-JFK-20261029,KEF-JFK,22,84,-10.0,20.0,456.75,57.45454545454545,68.94545454545454,False,31490.83636363636,29158.181818181816,2332.654545454545,100660.36636363636,True
KEF-JFK-20261029,KEF-JFK,22,84,0.0,-20.0,507.5,57.45454545454545,45.96363636363637,False,23326.545454545456,29158.181818181816,-5831.63636363636,92496.07545454545,True
KEF-JFK-20261029,KEF-JFK,22,84,0.0,0.0,507.5,57.45454545454545,57.45454545454545,False,29158.181818181816,29158.181818181816,0.0,98327.71181818182,True
KEF-JFK-20261029,KEF-JFK,22,84,0.0,20.0,507.5,57.45454545454545,68.94545454545454,False,34989.81818181818,29158.181818181816,5831.63636363636,104159.34818181818,True
KEF-JFK-20261029,KEF-JFK,22,84,10.0,-20.0,558.25,57.45454545454545,45.96363636363637,False,25659.200000000004,29158.181818181816,-3498.981818181812,94828.73000000001,True
KEF-JFK-20261029,KEF-JFK,22,84,10.0,0.0,558.25,57.45454545454545,57.45454545454545,False,32074.0,29158.181818181816,2915.818181818184,101243.53,True
KEF-JFK-20261029,KEF-JFK,22,84,10.0,20.0,558.25,57.45454545454545,68.94545454545454,False,38488.799999999996,29158.181818181816,9330.61818181818,107658.32999999999,True
KEF-LHR-20261029,KEF-LHR,22,75,-10.0,-20.0,234.9,40.303030303030305,32.24242424242424,False,7573.745454545455,10519.09090909091,-2945.345454545455,31703.475454545456,True
KEF-LHR-20261029,KEF-LHR,22,75,-10.0,0.0,234.9,40.303030303030305,40.303030303030305,False,9467.181818181818,10519.09090909091,-1051.909090909092,33596.91181818182,True
KEF-LHR-20261029,KEF-LHR,22,75,-10.0,20.0,234.9,40.303030303030305,48.36363636363637,False,11360.618181818183,10519.09090909091,841.5272727272732,35490.34818181818,True
KEF-LHR-20261029,KEF-LHR,22,75,0.0,-20.0,261.0,40.303030303030305,32.24242424242424,False,8415.272727272728,10519.09090909091,-2103.818181818182,32545.002727272727,True
KEF-LHR-20261029,KEF-LHR,22,75,0.0,0.0,261.0,40.303030303030305,40.303030303030305,False,10519.09090909091,10519.09090909091,0.0,34648.82090909091,True
KEF-LHR-20261029,KEF-LHR,22,75,0.0,20.0,261.0,40.303030303030305,48.36363636363637,False,12622.909090909092,10519.09090909091,2103.818181818182,36752.63909090909,True
KEF-LHR-20261029,KEF-LHR,22,75,10.0,-20.0,287.1,40.303030303030305,32.24242424242424,False,9256.800000000001,10519.09090909091,-1262.2909090909088,33386.53,True
KEF-LHR-20261029,KEF-LHR,22,75,10.0,0.0,287.1,40.303030303030305,40.303030303030305,False,11571.000000000002,10519.09090909091,1051.909090909092,35700.73,True
KEF-LHR-20261029,KEF-LHR,22,75,10.0,20.0,287.1,40.303030303030305,48.36363636363637,False,13885.200000000003,10519.09090909091,3366.1090909090926,38014.93,True
KEF-CPH-20261101,KEF-CPH,25,98,-10.0,-20.0,182.70000000000002,45.666666666666664,36.53333333333333,False,6674.64,9270.333333333332,-2595.693333333332,21220.95,True
KEF-CPH-20261101,KEF-CPH,25,98,-10.0,0.0,182.70000000000002,45.666666666666664,45.666666666666664,False,8343.300000000001,9270.333333333332,-927.033333333331,22889.61,True
KEF-CPH-20261101,KEF-CPH,25,98,-10.0,20.0,182.70000000000002,45.666666666666664,54.8,False,10011.960000000001,9270.333333333332,741.6266666666688,24558.27,True
KEF-CPH-20261101,KEF-CPH,25,98,0.0,-20.0,203.0,45.666666666666664,36.53333333333333,False,7416.266666666666,9270.333333333332,-1854.0666666666657,21962.576666666668,True
KEF-CPH-20261101,KEF-CPH,25,98,0.0,0.0,203.0,45.666666666666664,45.666666666666664,False,9270.333333333332,9270.333333333332,0.0,23816.643333333333,True
KEF-CPH-20261101,KEF-CPH,25,98,0.0,20.0,203.0,45.666666666666664,54.8,False,11124.4,9270.333333333332,1854.0666666666675,25670.71,True
KEF-CPH-20261101,KEF-CPH,25,98,10.0,-20.0,223.3,45.666666666666664,36.53333333333333,False,8157.893333333333,9270.333333333332,-1112.4399999999987,22704.20333333333,True
KEF-CPH-20261101,KEF-CPH,25,98,10.0,0.0,223.3,45.666666666666664,45.666666666666664,False,10197.366666666667,9270.333333333332,927.0333333333347,24743.676666666666,True
KEF-CPH-20261101,KEF-CPH,25,98,10.0,20.0,223.3,45.666666666666664,54.8,False,12236.84,9270.333333333332,2966.506666666668,26783.15,True
KEF-JFK-20261101,KEF-JFK,25,80,-10.0,-20.0,456.75,68.06060606060606,54.44848484848485,False,24869.345454545455,34540.757575757576,-9671.41212121212,94590.22545454546,True
KEF-JFK-20261101,KEF-JFK,25,80,-10.0,0.0,456.75,68.06060606060606,68.06060606060606,False,31086.68181818182,34540.757575757576,-3454.075757575756,100807.56181818183,True
KEF-JFK-20261101,KEF-JFK,25,80,-10.0,20.0,456.75,68.06060606060606,80.0,True,36540.0,34540.757575757576,1999.242424242424,106260.88,True
KEF-JFK-20261101,KEF-JFK,25,80,0.0,-20.0,507.5,68.06060606060606,54.44848484848485,False,27632.606060606064,34540.757575757576,-6908.151515151512,97353.48606060607,True
KEF-JFK-20261101,KEF-JFK,25,80,0.0,0.0,507.5,68.06060606060606,68.06060606060606,False,34540.757575757576,34540.757575757576,0.0,104261.63757575757,True
KEF-JFK-20261101,KEF-JFK,25,80,0.0,20.0,507.5,68.06060606060606,80.0,True,40600.0,34540.757575757576,6059.242424242424,110320.88,True
KEF-JFK-20261101,KEF-JFK,25,80,10.0,-20.0,558.25,68.06060606060606,54.44848484848485,False,30395.86666666667,34540.757575757576,-4144.890909090907,100116.74666666667,True
KEF-JFK-20261101,KEF-JFK,25,80,10.0,0.0,558.25,68.06060606060606,68.06060606060606,False,37994.833333333336,34540.757575757576,3454.07575757576,107715.71333333335,True
KEF-JFK-20261101,KEF-JFK,25,80,10.0,20.0,558.25,68.06060606060606,80.0,True,44660.0,34540.757575757576,10119.242424242424,114380.88,True
KEF-LHR-20261101,KEF-LHR,25,83,-10.0,-20.0,234.9,47.757575757575765,38.20606060606061,False,8974.603636363638,12464.727272727274,-3490.1236363636363,30468.613636363636,True
KEF-LHR-20261101,KEF-LHR,25,83,-10.0,0.0,234.9,47.757575757575765,47.757575757575765,False,11218.254545454547,12464.727272727274,-1246.4727272727268,32712.264545454545,True
KEF-LHR-20261101,KEF-LHR,25,83,-10.0,20.0,234.9,47.757575757575765,57.30909090909092,False,13461.905454545456,12464.727272727274,997.1781818181826,34955.91545454545,True
KEF-LHR-20261101,KEF-LHR,25,83,0.0,-20.0,261.0,47.757575757575765,38.20606060606061,False,9971.78181818182,12464.727272727274,-2492.9454545454537,31465.791818181817,True
KEF-LHR-20261101,KEF-LHR,25,83,0.0,0.0,261.0,47.757575757575765,47.757575757575765,False,12464.727272727274,12464.727272727274,0.0,33958.737272727274,True
KEF-LHR-20261101,KEF-LHR,25,83,0.0,20.0,261.0,47.757575757575765,57.30909090909092,False,14957.67272727273,12464.727272727274,2492.9454545454555,36451.682727272724,True
KEF-LHR-20261101,KEF-LHR,25,83,10.0,-20.0,287.1,47.757575757575765,38.20606060606061,False,10968.960000000003,12464.727272727274,-1495.7672727272711,32462.97,True
KEF-LHR-20261101,KEF-LHR,25,83,10.0,0.0,287.1,47.757575757575765,47.757575757575765,False,13711.200000000003,12464.727272727274,1246.4727272727287,35205.21,True
KEF-LHR-20261101,KEF-LHR,25,83,10.0,20.0,287.1,47.757575757575765,57.30909090909092,False,16453.440000000006,12464.727272727274,3988.712727272732,37947.450000000004,True
KEF-CPH-20261104,KEF-CPH,28,94,-10.0,-20.0,182.70000000000002,52.303030303030305,41.842424242424244,False,7644.61090909091,10617.515151515152,-2972.9042424242416,22543.72090909091,True
KEF-CPH-20261104,KEF-CPH,28,94,-10.0,0.0,182.70000000000002,52.303030303030305,52.303030303030305,False,9555.763636363637,10617.515151515152,-1061.7515151515145,24454.873636363638,True
KEF-CPH-20261104,KEF-CPH,28,94,-10.0,20.0,182.70000000000002,52.303030303030305,62.763636363636365,False,11466.916363636365,10617.515151515152,849.4012121212127,26366.026363636367,True
KEF-CPH-20261104,KEF-CPH,28,94,0.0,-20.0,203.0,52.303030303030305,41.842424242424244,False,8494.012121212121,10617.515151515152,-2123.5030303030308,23393.122121212124,True
KEF-CPH-20261104,KEF-CPH,28,94,0.0,0.0,203.0,52.303030303030305,52.303030303030305,False,10617.515151515152,10617.515151515152,0.0,25516.625151515153,True
KEF-CPH-20261104,KEF-CPH,28,94,0.0,20.0,203.0,52.303030303030305,62.763636363636365,False,12741.018181818183,10617.515151515152,2123.5030303030308,27640.12818181818,True
KEF-CPH-20261104,KEF-CPH,28,94,10.0,-20.0,223.3,52.303030303030305,41.842424242424244,False,9343.413333333334,10617.515151515152,-1274.101818181818,24242.523333333334,True
KEF-CPH-20261104,KEF-CPH,28,94,10.0,0.0,223.3,52.303030303030305,52.303030303030305,False,11679.266666666668,10617.515151515152,1061.7515151515163,26578.37666666667,True
KEF-CPH-20261104,KEF-CPH,28,94,10.0,20.0,223.3,52.303030303030305,62.763636363636365,False,14015.12,10617.515151515152,3397.604848484849,28914.230000000003,True
KEF-JFK-20261104,KEF-JFK,28,122,-10.0,-20.0,456.75,78.81818181818183,63.05454545454546,False,28800.16363636364,40000.22727272728,-11200.06363636364,79661.61363636363,True
KEF-JFK-20261104,KEF-JFK,28,122,-10.0,0.0,456.75,78.81818181818183,78.81818181818183,False,36000.20454545455,40000.22727272728,-4000.022727272728,86861.65454545454,True
KEF-JFK-20261104,KEF-JFK,28,122,-10.0,20.0,456.75,78.81818181818183,94.58181818181819,False,43200.24545454546,40000.22727272728,3200.018181818181,94061.69545454546,True
KEF-JFK-20261104,KEF-JFK,28,122,0.0,-20.0,507.5,78.81818181818183,63.05454545454546,False,32000.181818181823,40000.22727272728,-8000.045454545456,82861.63181818182,True
KEF-JFK-20261104,KEF-JFK,28,122,0.0,0.0,507.5,78.81818181818183,78.81818181818183,False,40000.22727272728,40000.22727272728,0.0,90861.67727272728,True
KEF-JFK-20261104,KEF-JFK,28,122,0.0,20.0,507.5,78.81818181818183,94.58181818181819,False,48000.272727272735,40000.22727272728,8000.045454545456,98861.72272727273,True
KEF-JFK-20261104,KEF-JFK,28,122,10.0,-20.0,558.25,78.81818181818183,63.05454545454546,False,35200.200000000004,40000.22727272728,-4800.027272727275,86061.65,True
KEF-JFK-20261104,KEF-JFK,28,122,10.0,0.0,558.25,78.81818181818183,78.81818181818183,False,44000.25000000001,40000.22727272728,4000.022727272728,94861.70000000001,True
KEF-JFK-20261104,KEF-JFK,28,122,10.0,20.0,558.25,78.81818181818183,94.58181818181819,False,52800.3,40000.22727272728,12800.072727272724,103661.75,True
KEF-LHR-20261104,KEF-LHR,28,70,-10.0,-20.0,234.9,55.090909090909086,44.07272727272727,False,10352.683636363636,14378.727272727272,-4026.0436363636363,34448.443636363634,True
KEF-LHR-20261104,KEF-LHR,28,70,-10.0,0.0,234.9,55.090909090909086,55.090909090909086,False,12940.854545454546,14378.727272727272,-1437.8727272727265,37036.61454545455,True
KEF-LHR-20261104,KEF-LHR,28,70,-10.0,20.0,234.9,55.090909090909086,66.1090909090909,False,15529.025454545452,14378.727272727272,1150.2981818181797,39624.78545454545,True
KEF-LHR-20261104,KEF-LHR,28,70,0.0,-20.0,261.0,55.090909090909086,44.07272727272727,False,11502.981818181817,14378.727272727272,-2875.745454545455,35598.741818181814,True
KEF-LHR-20261104,KEF-LHR,28,70,0.0,0.0,261.0,55.090909090909086,55.090909090909086,False,14378.727272727272,14378.727272727272,0.0,38474.487272727274,True
KEF-LHR-20261104,KEF-LHR,28,70,0.0,20.0,261.0,55.090909090909086,66.1090909090909,False,17254.472727272725,14378.727272727272,2875.745454545453,41350.23272727273,True
KEF-LHR-20261104,KEF-LHR,28,70,10.0,-20.0,287.1,55.090909090909086,44.07272727272727,False,12653.28,14378.727272727272,-1725.4472727272714,36749.04,True
KEF-LHR-20261104,KEF-LHR,28,70,10.0,0.0,287.1,55.090909090909086,55.090909090909086,False,15816.6,14378.727272727272,1437.8727272727283,39912.36,True
KEF-LHR-20261104,KEF-LHR,28,70,10.0,20.0,287.1,55.090909090909086,66.1090909090909,False,18979.92,14378.727272727272,4601.192727272726,43075.67999999999,True
KEF-CPH-20261107,KEF-CPH,31,109,-10.0,-20.0,182.70000000000002,58.90909090909091,47.127272727272725,False,8610.152727272727,11958.545454545454,-3348.392727272727,20865.902727272725,True
KEF-CPH-20261107,KEF-CPH,31,109,-10.0,0.0,182.70000000000002,58.90909090909091,58.90909090909091,False,10762.69090909091,11958.545454545454,-1195.8545454545438,23018.44090909091,True
KEF-CPH-20261107,KEF-CPH,31,109,-10.0,20.0,182.70000000000002,58.90909090909091,70.69090909090909,False,12915.229090909092,11958.545454545454,956.6836363636376,25170.97909090909,True
KEF-CPH-20261107,KEF-CPH,31,109,0.0,-20.0,203.0,58.90909090909091,47.127272727272725,False,9566.836363636363,11958.545454545454,-2391.709090909091,21822.586363636365,True
KEF-CPH-20261107,KEF-CPH,31,109,0.0,0.0,203.0,58.90909090909091,58.90909090909091,False,11958.545454545454,11958.545454545454,0.0,24214.295454545456,True
KEF-CPH-20261107,KEF-CPH,31,109,0.0,20.0,203.0,58.90909090909091,70.69090909090909,False,14350.254545454545,11958.545454545454,2391.709090909091,26606.004545454547,True
KEF-CPH-20261107,KEF-CPH,31,109,10.0,-20.0,223.3,58.90909090909091,47.127272727272725,False,10523.52,11958.545454545454,-1435.0254545454536,22779.27,True
KEF-CPH-20261107,KEF-CPH,31,109,10.0,0.0,223.3,58.90909090909091,58.90909090909091,False,13154.4,11958.545454545454,1195.8545454545456,25410.15,True
KEF-CPH-20261107,KEF-CPH,31,109,10.0,20.0,223.3,58.90909090909091,70.69090909090909,False,15785.28,11958.545454545454,3826.7345454545466,28041.03,True
KEF-JFK-20261107,KEF-JFK,31,133,-10.0,-20.0,456.75,88.54545454545455,70.83636363636364,False,32354.509090909094,44936.818181818184,-12582.30909090909,78539.1390909091,True
KEF-JFK-20261107,KEF-JFK,31,133,-10.0,0.0,456.75,88.54545454545455,88.54545454545455,False,40443.13636363637,44936.818181818184,-4493.681818181816,86627.76636363636,True
KEF-JFK-20261107,KEF-JFK,31,133,-10.0,20.0,456.75,88.54545454545455,106.25454545454545,False,48531.763636363634,44936.818181818184,3594.94545454545,94716.39363636363,True
KEF-JFK-20261107,KEF-JFK,31,133,0.0,-20.0,507.5,88.54545454545455,70.83636363636364,False,35949.45454545455,44936.818181818184,-8987.363636363632,82134.08454545455,True
KEF-JFK-20261107,KEF-JFK,31,133,0.0,0.0,507.5,88.54545454545455,88.54545454545455,False,44936.818181818184,44936.818181818184,0.0,91121.44818181818,True
KEF-JFK-20261107,KEF-JFK,31,133,0.0,20.0,507.5,88.54545454545455,106.25454545454545,False,53924.181818181816,44936.818181818184,8987.363636363632,100108.81181818181,True
KEF-JFK-20261107,KEF-JFK,31,133,10.0,-20.0,558.25,88.54545454545455,70.83636363636364,False,39544.4,44936.818181818184,-5392.418181818182,85729.03,True
KEF-JFK-20261107,KEF-JFK,31,133,10.0,0.0,558.25,88.54545454545455,88.54545454545455,False,49430.5,44936.818181818184,4493.681818181816,95615.13,True
KEF-JFK-20261107,KEF-JFK,31,133,10.0,20.0,558.25,88.54545454545455,106.25454545454545,False,59316.6,44936.818181818184,14379.781818181815,105501.23,True
KEF-LHR-20261107,KEF-LHR,31,85,-10.0,-20.0,234.9,63.06060606060606,50.44848484848485,False,11850.349090909092,16458.818181818184,-4608.469090909091,33038.24909090909,True
KEF-LHR-20261107,KEF-LHR,31,85,-10.0,0.0,234.9,63.06060606060606,63.06060606060606,False,14812.936363636365,16458.818181818184,-1645.8818181818187,36000.836363636365,True
KEF-LHR-20261107,KEF-LHR,31,85,-10.0,20.0,234.9,63.06060606060606,75.67272727272727,False,17775.523636363636,16458.818181818184,1316.705454545452,38963.42363636364,True
KEF-LHR-20261107,KEF-LHR,31,85,0.0,-20.0,261.0,63.06060606060606,50.44848484848485,False,13167.054545454546,16458.818181818184,-3291.7636363636375,34354.954545454544,True
KEF-LHR-20261107,KEF-LHR,31,85,0.0,0.0,261.0,63.06060606060606,63.06060606060606,False,16458.818181818184,16458.818181818184,0.0,37646.718181818185,True
KEF-LHR-20261107,KEF-LHR,31,85,0.0,20.0,261.0,63.06060606060606,75.67272727272727,False,19750.581818181818,16458.818181818184,3291.763636363634,40938.48181818182,True
KEF-LHR-20261107,KEF-LHR,31,85,10.0,-20.0,287.1,63.06060606060606,50.44848484848485,False,14483.760000000002,16458.818181818184,-1975.0581818181818,35671.66,True
KEF-LHR-20261107,KEF-LHR,31,85,10.0,0.0,287.1,63.06060606060606,63.06060606060606,False,18104.7,16458.818181818184,1645.881818181817,39292.600000000006,True
KEF-LHR-20261107,KEF-LHR,31,85,10.0,20.0,287.1,63.06060606060606,75.67272727272727,False,21725.640000000003,16458.818181818184,5266.821818181819,42913.54000000001,True
KEF-CPH-20261110,KEF-CPH,34,115,-10.0,-20.0,182.70000000000002,65.84848484848484,52.67878787878788,False,9624.414545454547,13367.242424242424,-3742.827878787877,20531.65454545455,True
KEF-CPH-20261110,KEF-CPH,34,115,-10.0,0.0,182.70000000000002,65.84848484848484,65.84848484848484,False,12030.518181818183,13367.242424242424,-1336.7242424242413,22937.758181818182,True
KEF-CPH-20261110,KEF-CPH,34,115,-10.0,20.0,182.70000000000002,65.84848484848484,79.01818181818182,False,14436.621818181819,13367.242424242424,1069.3793939393945,25343.861818181816,True
KEF-CPH-20261110,KEF-CPH,34,115,0.0,-20.0,203.0,65.84848484848484,52.67878787878788,False,10693.79393939394,13367.242424242424,-2673.4484848484844,21601.03393939394,True
KEF-CPH-20261110,KEF-CPH,34,115,0.0,0.0,203.0,65.84848484848484,65.84848484848484,False,13367.242424242424,13367.242424242424,0.0,24274.482424242422,True
KEF-CPH-20261110,KEF-CPH,34,115,0.0,20.0,203.0,65.84848484848484,79.01818181818182,False,16040.690909090908,13367.242424242424,2673.4484848484844,26947.93090909091,True
KEF-CPH-20261110,KEF-CPH,34,115,10.0,-20.0,223.3,65.84848484848484,52.67878787878788,False,11763.173333333334,13367.242424242424,-1604.06909090909,22670.413333333334,True
KEF-CPH-20261110,KEF-CPH,34,115,10.0,0.0,223.3,65.84848484848484,65.84848484848484,False,14703.966666666667,13367.242424242424,1336.7242424242431,25611.206666666665,True
KEF-CPH-20261110,KEF-CPH,34,115,10.0,20.0,223.3,65.84848484848484,79.01818181818182,False,17644.760000000002,13367.242424242424,4277.517575757578,28552.0,True
KEF-JFK-20261110,KEF-JFK,34,130,-10.0,-20.0,456.75,98.93939393939394,79.15151515151516,False,36152.454545454544,50211.742424242424,-14059.28787878788,82464.09454545454,True
KEF-JFK-20261110,KEF-JFK,34,130,-10.0,0.0,456.75,98.93939393939394,98.93939393939394,False,45190.568181818184,50211.742424242424,-5021.17424242424,91502.20818181819,True
KEF-JFK-20261110,KEF-JFK,34,130,-10.0,20.0,456.75,98.93939393939394,118.72727272727272,False,54228.681818181816,50211.742424242424,4016.939393939392,100540.32181818181,True
KEF-JFK-20261110,KEF-JFK,34,130,0.0,-20.0,507.5,98.93939393939394,79.15151515151516,False,40169.39393939394,50211.742424242424,-10042.34848484848,86481.03393939394,True
KEF-JFK-20261110,KEF-JFK,34,130,0.0,0.0,507.5,98.93939393939394,98.93939393939394,False,50211.742424242424,50211.742424242424,0.0,96523.38242424242,True
KEF-JFK-20261110,KEF-JFK,34,130,0.0,20.0,507.5,98.93939393939394,118.72727272727272,False,60254.090909090904,50211.742424242424,10042.34848484848,106565.7309090909,True
KEF-JFK-20261110,KEF-JFK,34,130,10.0,-20.0,558.25,98.93939393939394,79.15151515151516,False,44186.333333333336,50211.742424242424,-6025.409090909088,90497.97333333333,True
KEF-JFK-20261110,KEF-JFK,34,130,10.0,0.0,558.25,98.93939393939394,98.93939393939394,False,55232.916666666664,50211.742424242424,5021.17424242424,101544.55666666667,True
KEF-JFK-20261110,KEF-JFK,34,130,10.0,20.0,558.25,98.93939393939394,118.72727272727272,False,66279.5,50211.742424242424,16067.757575757576,112591.14,True
KEF-LHR-20261110,KEF-LHR,34,99,-10.0,-20.0,234.9,69.72727272727272,55.78181818181818,False,13103.149090909092,18198.81818181818,-5095.6690909090885,30597.359090909093,True
KEF-LHR-20261110,KEF-LHR,34,99,-10.0,0.0,234.9,69.72727272727272,69.72727272727272,False,16378.936363636361,18198.81818181818,-1819.8818181818187,33873.14636363636,True
KEF-LHR-20261110,KEF-LHR,34,99,-10.0,20.0,234.9,69.72727272727272,83.67272727272726,False,19654.723636363633,18198.81818181818,1455.9054545454528,37148.93363636363,True
KEF-LHR-20261110,KEF-LHR,34,99,0.0,-20.0,261.0,69.72727272727272,55.78181818181818,False,14559.054545454544,18198.81818181818,-3639.7636363636357,32053.26454545454,True
KEF-LHR-20261110,KEF-LHR,34,99,0.0,0.0,261.0,69.72727272727272,69.72727272727272,False,18198.81818181818,18198.81818181818,0.0,35693.02818181818,True
KEF-LHR-20261110,KEF-LHR,34,99,0.0,20.0,261.0,69.72727272727272,83.67272727272726,False,21838.581818181814,18198.81818181818,3639.763636363634,39332.79181818181,True
KEF-LHR-20261110,KEF-LHR,34,99,10.0,-20.0,287.1,69.72727272727272,55.78181818181818,False,16014.960000000001,18198.81818181818,-2183.858181818179,33509.17,True
KEF-LHR-20261110,KEF-LHR,34,99,10.0,0.0,287.1,69.72727272727272,69.72727272727272,False,20018.7,18198.81818181818,1819.8818181818206,37512.91,True
KEF-LHR-20261110,KEF-LHR,34,99,10.0,20.0,287.1,69.72727272727272,83.67272727272726,False,24022.44,18198.81818181818,5823.6218181818185,41516.649999999994,True
KEF-CPH-20261113,KEF-CPH,37,117,-10.0,-20.0,182.70000000000002,72.75757575757575,58.2060606060606,False,10634.247272727273,14769.787878787878,-4135.540606060606,21418.20727272727,True
KEF-CPH-20261113,KEF-CPH,37,117,-10.0,0.0,182.70000000000002,72.75757575757575,72.75757575757575,False,13292.809090909092,14769.787878787878,-1476.9787878787865,24076.76909090909,True
KEF-CPH-20261113,KEF-CPH,37,117,-10.0,20.0,182.70000000000002,72.75757575757575,87.3090909090909,False,15951.370909090909,14769.787878787878,1181.5830303030307,26735.33090909091,True
KEF-CPH-20261113,KEF-CPH,37,117,0.0,-20.0,203.0,72.75757575757575,58.2060606060606,False,11815.830303030303,14769.787878787878,-2953.957575757575,22599.790303030302,True
KEF-CPH-20261113,KEF-CPH,37,117,0.0,0.0,203.0,72.75757575757575,72.75757575757575,False,14769.787878787878,14769.787878787878,0.0,25553.74787878788,True
KEF-CPH-20261113,KEF-CPH,37,117,0.0,20.0,203.0,72.75757575757575,87.3090909090909,False,17723.745454545453,14769.787878787878,2953.957575757575,28507.705454545452,True
KEF-CPH-20261113,KEF-CPH,37,117,10.0,-20.0,223.3,72.75757575757575,58.2060606060606,False,12997.413333333334,14769.787878787878,-1772.3745454545442,23781.373333333333,True
KEF-CPH-20261113,KEF-CPH,37,117,10.0,0.0,223.3,72.75757575757575,72.75757575757575,False,16246.766666666666,14769.787878787878,1476.9787878787884,27030.726666666666,True
KEF-CPH-20261113,KEF-CPH,37,117,10.0,20.0,223.3,72.75757575757575,87.3090909090909,False,19496.12,14769.787878787878,4726.332121212121,30280.079999999998,True
KEF-JFK-20261113,KEF-JFK,37,145,-10.0,-20.0,456.75,108.0909090909091,86.47272727272728,False,39496.41818181819,54856.13636363637,-15359.718181818178,79451.0281818182,True
KEF-JFK-20261113,KEF-JFK,37,145,-10.0,0.0,456.75,108.0909090909091,108.0909090909091,False,49370.52272727273,54856.13636363637,-5485.61363636364,89325.13272727272,True
KEF-JFK-20261113,KEF-JFK,37,145,-10.0,20.0,456.75,108.0909090909091,129.70909090909092,False,59244.62727272727,54856.13636363637,4388.490909090906,99199.23727272727,True
KEF-JFK-20261113,KEF-JFK,37,145,0.0,-20.0,507.5,108.0909090909091,86.47272727272728,False,43884.909090909096,54856.13636363637,-10971.227272727272,83839.5190909091,True
KEF-JFK-20261113,KEF-JFK,37,145,0.0,0.0,507.5,108.0909090909091,108.0909090909091,False,54856.13636363637,54856.13636363637,0.0,94810.74636363637,True
KEF-JFK-20261113,KEF-JFK,37,145,0.0,20.0,507.5,108.0909090909091,129.70909090909092,False,65827.36363636365,54856.13636363637,10971.22727272728,105781.97363636365,True
KEF-JFK-20261113,KEF-JFK,37,145,10.0,-20.0,558.25,108.0909090909091,86.47272727272728,False,48273.40000000001,54856.13636363637,-6582.736363636359,88228.01000000001,True
KEF-JFK-20261113,KEF-JFK,37,145,10.0,0.0,558.25,108.0909090909091,108.0909090909091,False,60341.75,54856.13636363637,5485.613636363632,100296.36,True
KEF-JFK-20261113,KEF-JFK,37,145,10.0,20.0,558.25,108.0909090909091,129.70909090909092,False,72410.1,54856.13636363637,17553.96363636364,112364.71,True
KEF-LHR-20261113,KEF-LHR,37,100,-10.0,-20.0,234.9,77.45454545454545,61.96363636363637,False,14555.258181818182,20215.636363636364,-5660.3781818181815,31604.688181818183,True
KEF-LHR-20261113,KEF-LHR,37,100,-10.0,0.0,234.9,77.45454545454545,77.45454545454545,False,18194.072727272727,20215.636363636364,-2021.5636363636368,35243.50272727273,True
KEF-LHR-20261113,KEF-LHR,37,100,-10.0,20.0,234.9,77.45454545454545,92.94545454545454,False,21832.887272727272,20215.636363636364,1617.250909090908,38882.317272727276,True
KEF-LHR-20261113,KEF-LHR,37,100,0.0,-20.0,261.0,77.45454545454545,61.96363636363637,False,16172.509090909092,20215.636363636364,-4043.1272727272717,33221.939090909094,True
KEF-LHR-20261113,KEF-LHR,37,100,0.0,0.0,261.0,77.45454545454545,77.45454545454545,False,20215.636363636364,20215.636363636364,0.0,37265.06636363636,True
KEF-LHR-20261113,KEF-LHR,37,100,0.0,20.0,261.0,77.45454545454545,92.94545454545454,False,24258.763636363634,20215.636363636364,4043.12727272727,41308.193636363634,True
KEF-LHR-20261113,KEF-LHR,37,100,10.0,-20.0,287.1,77.45454545454545,61.96363636363637,False,17789.760000000002,20215.636363636364,-2425.876363636362,34839.19,True
KEF-LHR-20261113,KEF-LHR,37,100,10.0,0.0,287.1,77.45454545454545,77.45454545454545,False,22237.2,20215.636363636364,2021.5636363636368,39286.630000000005,True
KEF-LHR-20261113,KEF-LHR,37,100,10.0,20.0,287.1,77.45454545454545,92.94545454545454,False,26684.64,20215.636363636364,6469.003636363635,43734.07,True
KEF-CPH-20261116,KEF-CPH,40,116,-10.0,-20.0,182.70000000000002,78.9090909090909,63.127272727272725,False,11533.352727272728,16018.545454545454,-4485.192727272726,22275.802727272727,True
KEF-CPH-20261116,KEF-CPH,40,116,-10.0,0.0,182.70000000000002,78.9090909090909,78.9090909090909,False,14416.69090909091,16018.545454545454,-1601.8545454545438,25159.14090909091,True
KEF-CPH-20261116,KEF-CPH,40,116,-10.0,20.0,182.70000000000002,78.9090909090909,94.69090909090909,False,17300.02909090909,16018.545454545454,1281.4836363636368,28042.47909090909,True
KEF-CPH-20261116,KEF-CPH,40,116,0.0,-20.0,203.0,78.9090909090909,63.127272727272725,False,12814.836363636363,16018.545454545454,-3203.709090909091,23557.28636363636,True
KEF-CPH-20261116,KEF-CPH,40,116,0.0,0.0,203.0,78.9090909090909,78.9090909090909,False,16018.545454545454,16018.545454545454,0.0,26760.995454545453,True
KEF-CPH-20261116,KEF-CPH,40,116,0.0,20.0,203.0,78.9090909090909,94.69090909090909,False,19222.254545454543,16018.545454545454,3203.7090909090894,29964.704545454544,True
KEF-CPH-20261116,KEF-CPH,40,116,10.0,-20.0,223.3,78.9090909090909,63.127272727272725,False,14096.32,16018.545454545454,-1922.2254545454543,24838.77,True
KEF-CPH-20261116,KEF-CPH,40,116,10.0,0.0,223.3,78.9090909090909,78.9090909090909,False,17620.4,16018.545454545454,1601.8545454545474,28362.850000000002,True
KEF-CPH-20261116,KEF-CPH,40,116,10.0,20.0,223.3,78.9090909090909,94.69090909090909,False,21144.48,16018.545454545454,5125.9345454545455,31886.93,True
KEF-JFK-20261116,KEF-JFK,40,139,-10.0,-20.0,456.75,116.96969696969697,93.57575757575758,False,42740.72727272727,59362.12121212121,-16621.393939393936,85391.09727272727,True
KEF-JFK-20261116,KEF-JFK,40,139,-10.0,0.0,456.75,116.96969696969697,116.96969696969697,False,53425.90909090909,59362.12121212121,-5936.21212121212,96076.27909090908,True
KEF-JFK-20261116,KEF-JFK,40,139,-10.0,20.0,456.75,116.96969696969697,139.0,True,63488.25,59362.12121212121,4126.128787878792,106138.62,True
KEF-JFK-20261116,KEF-JFK,40,139,0.0,-20.0,507.5,116.96969696969697,93.57575757575758,False,47489.69696969697,59362.12121212121,-11872.42424242424,90140.06696969697,True
KEF-JFK-20261116,KEF-JFK,40,139,0.0,0.0,507.5,116.96969696969697,116.96969696969697,False,59362.12121212121,59362.12121212121,0.0,102012.49121212121,True
KEF-JFK-20261116,KEF-JFK,40,139,0.0,20.0,507.5,116.96969696969697,139.0,True,70542.5,59362.12121212121,11180.378787878792,113192.87,True
KEF-JFK-20261116,KEF-JFK,40,139,10.0,-20.0,558.25,116.96969696969697,93.57575757575758,False,52238.666666666664,59362.12121212121,-7123.454545454544,94889.03666666667,True
KEF-JFK-20261116,KEF-JFK,40,139,10.0,0.0,558.25,116.96969696969697,116.96969696969697,False,65298.333333333336,59362.12121212121,5936.212121212127,107948.70333333334,True
KEF-JFK-20261116,KEF-JFK,40,139,10.0,20.0,558.25,116.96969696969697,139.0,True,77596.75,59362.12121212121,18234.62878787879,120247.12,True
KEF-LHR-20261116,KEF-LHR,40,105,-10.0,-20.0,234.9,83.96969696969697,67.17575757575757,False,15779.585454545455,21916.090909090908,-6136.505454545453,31869.885454545452,True
KEF-LHR-20261116,KEF-LHR,40,105,-10.0,0.0,234.9,83.96969696969697,83.96969696969697,False,19724.48181818182,21916.090909090908,-2191.609090909089,35814.781818181815,True
KEF-LHR-20261116,KEF-LHR,40,105,-10.0,20.0,234.9,83.96969696969697,100.76363636363637,False,23669.37818181818,21916.090909090908,1753.2872727272734,39759.67818181818,True
KEF-LHR-20261116,KEF-LHR,40,105,0.0,-20.0,261.0,83.96969696969697,67.17575757575757,False,17532.872727272726,21916.090909090908,-4383.218181818182,33623.17272727273,True
KEF-LHR-20261116,KEF-LHR,40,105,0.0,0.0,261.0,83.96969696969697,83.96969696969697,False,21916.090909090908,21916.090909090908,0.0,38006.39090909091,True
KEF-LHR-20261116,KEF-LHR,40,105,0.0,20.0,261.0,83.96969696969697,100.76363636363637,False,26299.30909090909,21916.090909090908,4383.218181818182,42389.609090909085,True
KEF-LHR-20261116,KEF-LHR,40,105,10.0,-20.0,287.1,83.96969696969697,67.17575757575757,False,19286.16,21916.090909090908,-2629.9309090909082,35376.46,True
KEF-LHR-20261116,KEF-LHR,40,105,10.0,0.0,287.1,83.96969696969697,83.96969696969697,False,24107.7,21916.090909090908,2191.6090909090926,40198.0,True
KEF-LHR-20261116,KEF-LHR,40,105,10.0,20.0,287.1,83.96969696969697,100.76363636363637,False,28929.24,21916.090909090908,7013.1490909090935,45019.54,True
KEF-CPH-20261119,KEF-CPH,43,119,-10.0,-20.0,182.70000000000002,84.3030303030303,67.44242424242424,False,12321.73090909091,17113.515151515152,-4791.784242424243,22502.80090909091,True
KEF-CPH-20261119,KEF-CPH,43,119,-10.0,0.0,182.70000000000002,84.3030303030303,84.3030303030303,False,15402.163636363637,17113.515151515152,-1711.3515151515148,25583.233636363635,True
KEF-CPH-20261119,KEF-CPH,43,119,-10.0,20.0,182.70000000000002,84.3030303030303,101.16363636363636,False,18482.596363636363,17113.515151515152,1369.0812121212111,28663.666363636363,True
KEF-CPH-20261119,KEF-CPH,43,119,0.0,-20.0,203.0,84.3030303030303,67.44242424242424,False,13690.81212121212,17113.515151515152,-3422.7030303030315,23871.88212121212,True
KEF-CPH-20261119,KEF-CPH,43,119,0.0,0.0,203.0,84.3030303030303,84.3030303030303,False,17113.515151515152,17113.515151515152,0.0,27294.58515151515,True
KEF-CPH-20261119,KEF-CPH,43,119,0.0,20.0,203.0,84.3030303030303,101.16363636363636,False,20536.21818181818,17113.515151515152,3422.7030303030297,30717.28818181818,True
KEF-CPH-20261119,KEF-CPH,43,119,10.0,-20.0,223.3,84.3030303030303,67.44242424242424,False,15059.893333333333,17113.515151515152,-2053.6218181818185,25240.963333333333,True
KEF-CPH-20261119,KEF-CPH,43,119,10.0,0.0,223.3,84.3030303030303,84.3030303030303,False,18824.866666666665,17113.515151515152,1711.351515151513,29005.936666666665,True
KEF-CPH-20261119,KEF-CPH,43,119,10.0,20.0,223.3,84.3030303030303,101.16363636363636,False,22589.84,17113.515151515152,5476.324848484848,32770.91,True
KEF-JFK-20261119,KEF-JFK,43,146,-10.0,-20.0,456.75,125.39393939393938,100.31515151515151,False,45818.94545454545,63637.42424242423,-17818.478787878783,84321.24545454545,True
KEF-JFK-20261119,KEF-JFK,43,146,-10.0,0.0,456.75,125.39393939393938,125.39393939393938,False,57273.68181818181,63637.42424242423,-6363.742424242424,95775.98181818181,True
KEF-JFK-20261119,KEF-JFK,43,146,-10.0,20.0,456.75,125.39393939393938,146.0,True,66685.5,63637.42424242423,3048.075757575767,105187.8,True
KEF-JFK-20261119,KEF-JFK,43,146,0.0,-20.0,507.5,125.39393939393938,100.31515151515151,False,50909.93939393939,63637.42424242423,-12727.48484848484,89412.2393939394,True
KEF-JFK-20261119,KEF-JFK,43,146,0.0,0.0,507.5,125.39393939393938,125.39393939393938,False,63637.42424242423,63637.42424242423,0.0,102139.72424242424,True
KEF-JFK-20261119,KEF-JFK,43,146,0.0,20.0,507.5,125.39393939393938,146.0,True,74095.0,63637.42424242423,10457.575757575767,112597.3,True
KEF-JFK-20261119,KEF-JFK,43,146,10.0,-20.0,558.25,125.39393939393938,100.31515151515151,False,56000.933333333334,63637.42424242423,-7636.490909090899,94503.23333333334,True
KEF-JFK-20261119,KEF-JFK,43,146,10.0,0.0,558.25,125.39393939393938,125.39393939393938,False,70001.16666666666,63637.42424242423,6363.742424242424,108503.46666666666,True
KEF-JFK-20261119,KEF-JFK,43,146,10.0,20.0,558.25,125.39393939393938,146.0,True,81504.5,63637.42424242423,17867.075757575767,120006.8,True
KEF-LHR-20261119,KEF-LHR,43,108,-10.0,-20.0,234.9,89.57575757575758,71.66060606060607,False,16833.076363636366,23379.272727272728,-6546.196363636362,31983.446363636365,True
KEF-LHR-20261119,KEF-LHR,43,108,-10.0,0.0,234.9,89.57575757575758,89.57575757575758,False,21041.345454545455,23379.272727272728,-2337.927272727273,36191.715454545454,True
KEF-LHR-20261119,KEF-LHR,43,108,-10.0,20.0,234.9,89.57575757575758,107.49090909090908,False,25249.614545454544,23379.272727272728,1870.341818181816,40399.98454545454,True
KEF-LHR-20261119,KEF-LHR,43,108,0.0,-20.0,261.0,89.57575757575758,71.66060606060607,False,18703.418181818186,23379.272727272728,-4675.854545454542,33853.788181818185,True
KEF-LHR-20261119,KEF-LHR,43,108,0.0,0.0,261.0,89.57575757575758,89.57575757575758,False,23379.272727272728,23379.272727272728,0.0,38529.64272727273,True
KEF-LHR-20261119,KEF-LHR,43,108,0.0,20.0,261.0,89.57575757575758,107.49090909090908,False,28055.12727272727,23379.272727272728,4675.854545454542,43205.49727272727,True
KEF-LHR-20261119,KEF-LHR,43,108,10.0,-20.0,287.1,89.57575757575758,71.66060606060607,False,20573.760000000006,23379.272727272728,-2805.5127272727223,35724.130000000005,True
KEF-LHR-20261119,KEF-LHR,43,108,10.0,0.0,287.1,89.57575757575758,89.57575757575758,False,25717.200000000004,23379.272727272728,2337.9272727272764,40867.57000000001,True
KEF-LHR-20261119,KEF-LHR,43,108,10.0,20.0,287.1,89.57575757575758,107.49090909090908,False,30860.64,23379.272727272728,7481.3672727272715,46011.01,True
KEF-CPH-20261122,KEF-CPH,46,127,-10.0,-20.0,182.70000000000002,89.39393939393939,71.51515151515152,False,13065.818181818184,18146.969696969696,-5081.151515151512,21572.208181818183,True
KEF-CPH-20261122,KEF-CPH,46,127,-10.0,0.0,182.70000000000002,89.39393939393939,89.39393939393939,False,16332.272727272728,18146.969696969696,-1814.6969696969682,24838.662727272727,True
KEF-CPH-20261122,KEF-CPH,46,127,-10.0,20.0,182.70000000000002,89.39393939393939,107.27272727272727,False,19598.727272727272,18146.969696969696,1451.757575757576,28105.11727272727,True
KEF-CPH-20261122,KEF-CPH,46,127,0.0,-20.0,203.0,89.39393939393939,71.51515151515152,False,14517.575757575758,18146.969696969696,-3629.393939393938,23023.96575757576,True
KEF-CPH-20261122,KEF-CPH,46,127,0.0,0.0,203.0,89.39393939393939,89.39393939393939,False,18146.969696969696,18146.969696969696,0.0,26653.359696969696,True
KEF-CPH-20261122,KEF-CPH,46,127,0.0,20.0,203.0,89.39393939393939,107.27272727272727,False,21776.363636363636,18146.969696969696,3629.39393939394,30282.753636363635,True
KEF-CPH-20261122,KEF-CPH,46,127,10.0,-20.0,223.3,89.39393939393939,71.51515151515152,False,15969.333333333334,18146.969696969696,-2177.636363636362,24475.723333333335,True
KEF-CPH-20261122,KEF-CPH,46,127,10.0,0.0,223.3,89.39393939393939,89.39393939393939,False,19961.666666666668,18146.969696969696,1814.6969696969718,28468.056666666667,True
KEF-CPH-20261122,KEF-CPH,46,127,10.0,20.0,223.3,89.39393939393939,107.27272727272727,False,23954.0,18146.969696969696,5807.030303030304,32460.39,True
KEF-JFK-20261122,KEF-JFK,46,167,-10.0,-20.0,456.75,132.78787878787878,106.23030303030303,False,48520.69090909091,67389.84848484848,-18869.15757575757,79996.44090909092,True
KEF-JFK-20261122,KEF-JFK,46,167,-10.0,0.0,456.75,132.78787878787878,132.78787878787878,False,60650.86363636363,67389.84848484848,-6738.984848484848,92126.61363636363,True
KEF-JFK-20261122,KEF-JFK,46,167,-10.0,20.0,456.75,132.78787878787878,159.34545454545454,False,72781.03636363636,67389.84848484848,5391.187878787881,104256.78636363636,True
KEF-JFK-20261122,KEF-JFK,46,167,0.0,-20.0,507.5,132.78787878787878,106.23030303030303,False,53911.87878787879,67389.84848484848,-13477.969696969689,85387.62878787878,True
KEF-JFK-20261122,KEF-JFK,46,167,0.0,0.0,507.5,132.78787878787878,132.78787878787878,False,67389.84848484848,67389.84848484848,0.0,98865.59848484848,True
KEF-JFK-20261122,KEF-JFK,46,167,0.0,20.0,507.5,132.78787878787878,159.34545454545454,False,80867.81818181818,67389.84848484848,13477.969696969696,112343.56818181818,True
KEF-JFK-20261122,KEF-JFK,46,167,10.0,-20.0,558.25,132.78787878787878,106.23030303030303,False,59303.066666666666,67389.84848484848,-8086.781818181815,90778.81666666667,True
KEF-JFK-20261122,KEF-JFK,46,167,10.0,0.0,558.25,132.78787878787878,132.78787878787878,False,74128.83333333333,67389.84848484848,6738.984848484848,105604.58333333333,True
KEF-JFK-20261122,KEF-JFK,46,167,10.0,20.0,558.25,132.78787878787878,159.34545454545454,False,88954.6,67389.84848484848,21564.751515151525,120430.35,True
KEF-LHR-20261122,KEF-LHR,46,108,-10.0,-20.0,234.9,95.24242424242424,76.19393939393939,False,17897.956363636364,24858.272727272724,-6960.316363636361,33005.89636363636,True
KEF-LHR-20261122,KEF-LHR,46,108,-10.0,0.0,234.9,95.24242424242424,95.24242424242424,False,22372.445454545454,24858.272727272724,-2485.8272727272706,37480.38545454545,True
KEF-LHR-20261122,KEF-LHR,46,108,-10.0,20.0,234.9,95.24242424242424,108.0,True,25369.2,24858.272727272724,510.92727272727643,40477.14,True
KEF-LHR-20261122,KEF-LHR,46,108,0.0,-20.0,261.0,95.24242424242424,76.19393939393939,False,19886.61818181818,24858.272727272724,-4971.654545454545,34994.55818181818,True
KEF-LHR-20261122,KEF-LHR,46,108,0.0,0.0,261.0,95.24242424242424,95.24242424242424,False,24858.272727272724,24858.272727272724,0.0,39966.21272727272,True
KEF-LHR-20261122,KEF-LHR,46,108,0.0,20.0,261.0,95.24242424242424,108.0,True,28188.0,24858.272727272724,3329.7272727272757,43295.94,True
KEF-LHR-20261122,KEF-LHR,46,108,10.0,-20.0,287.1,95.24242424242424,76.19393939393939,False,21875.28,24858.272727272724,-2982.9927272727255,36983.22,True
KEF-LHR-20261122,KEF-LHR,46,108,10.0,0.0,287.1,95.24242424242424,95.24242424242424,False,27344.1,24858.272727272724,2485.8272727272742,42452.04,True
KEF-LHR-20261122,KEF-LHR,46,108,10.0,20.0,287.1,95.24242424242424,108.0,True,31006.800000000003,24858.272727272724,6148.527272727279,46114.740000000005,True
KEF-CPH-20261125,KEF-CPH,49,141,-10.0,-20.0,182.70000000000002,94.18181818181819,75.34545454545456,False,13765.61454545455,19118.909090909092,-5353.2945454545425,20420.12454545455,True
KEF-CPH-20261125,KEF-CPH,49,141,-10.0,0.0,182.70000000000002,94.18181818181819,94.18181818181819,False,17207.018181818185,19118.909090909092,-1911.8909090909074,23861.528181818183,True
KEF-CPH-20261125,KEF-CPH,49,141,-10.0,20.0,182.70000000000002,94.18181818181819,113.01818181818182,False,20648.42181818182,19118.909090909092,1529.5127272727295,27302.931818181823,True
KEF-CPH-20261125,KEF-CPH,49,141,0.0,-20.0,203.0,94.18181818181819,75.34545454545456,False,15295.127272727275,19118.909090909092,-3823.7818181818166,21949.637272727276,True
KEF-CPH-20261125,KEF-CPH,49,141,0.0,0.0,203.0,94.18181818181819,94.18181818181819,False,19118.909090909092,19118.909090909092,0.0,25773.41909090909,True
KEF-CPH-20261125,KEF-CPH,49,141,0.0,20.0,203.0,94.18181818181819,113.01818181818182,False,22942.69090909091,19118.909090909092,3823.7818181818184,29597.200909090912,True
KEF-CPH-20261125,KEF-CPH,49,141,10.0,-20.0,223.3,94.18181818181819,75.34545454545456,False,16824.640000000003,19118.909090909092,-2294.269090909089,23479.15,True
KEF-CPH-20261125,KEF-CPH,49,141,10.0,0.0,223.3,94.18181818181819,94.18181818181819,False,21030.800000000003,19118.909090909092,1911.890909090911,27685.310000000005,True
KEF-CPH-20261125,KEF-CPH,49,141,10.0,20.0,223.3,94.18181818181819,113.01818181818182,False,25236.96,19118.909090909092,6118.050909090907,31891.47,True
KEF-JFK-20261125,KEF-JFK,49,165,-10.0,-20.0,456.75,140.42424242424244,112.33939393939396,False,51311.01818181819,71265.30303030304,-19954.28484848485,82829.69818181818,True
KEF-JFK-20261125,KEF-JFK,49,165,-10.0,0.0,456.75,140.42424242424244,140.42424242424244,False,64138.772727272735,71265.30303030304,-7126.530303030304,95657.45272727273,True
KEF-JFK-20261125,KEF-JFK,49,165,-10.0,20.0,456.75,140.42424242424244,165.0,True,75363.75,71265.30303030304,4098.446969696961,106882.43,True
KEF-JFK-20261125,KEF-JFK,49,165,0.0,-20.0,507.5,140.42424242424244,112.33939393939396,False,57012.24242424243,71265.30303030304,-14253.060606060608,88530.92242424242,True
KEF-JFK-20261125,KEF-JFK,49,165,0.0,0.0,507.5,140.42424242424244,140.42424242424244,False,71265.30303030304,71265.30303030304,0.0,102783.98303030303,True
KEF-JFK-20261125,KEF-JFK,49,165,0.0,20.0,507.5,140.42424242424244,165.0,True,83737.5,71265.30303030304,12472.19696969696,115256.18,True
KEF-JFK-20261125,KEF-JFK,49,165,10.0,-20.0,558.25,140.42424242424244,112.33939393939396,False,62713.466666666674,71265.30303030304,-8551.836363636365,94232.14666666667,True
KEF-JFK-20261125,KEF-JFK,49,165,10.0,0.0,558.25,140.42424242424244,140.42424242424244,False,78391.83333333334,71265.30303030304,7126.530303030304,109910.51333333334,True
KEF-JFK-20261125,KEF-JFK,49,165,10.0,20.0,558.25,140.42424242424244,165.0,True,92111.25,71265.30303030304,20845.94696969696,123629.93,True
KEF-LHR-20261125,KEF-LHR,49,127,-10.0,-20.0,234.9,100.3030303030303,80.24242424242425,False,18848.945454545457,26179.090909090908,-7330.145454545451,30130.175454545457,True
KEF-LHR-20261125,KEF-LHR,49,127,-10.0,0.0,234.9,100.3030303030303,100.3030303030303,False,23561.181818181816,26179.090909090908,-2617.909090909092,34842.41181818182,True
KEF-LHR-20261125,KEF-LHR,49,127,-10.0,20.0,234.9,100.3030303030303,120.36363636363635,False,28273.41818181818,26179.090909090908,2094.3272727272706,39554.64818181818,True
KEF-LHR-20261125,KEF-LHR,49,127,0.0,-20.0,261.0,100.3030303030303,80.24242424242425,False,20943.272727272728,26179.090909090908,-5235.81818181818,32224.502727272727,True
KEF-LHR-20261125,KEF-LHR,49,127,0.0,0.0,261.0,100.3030303030303,100.3030303030303,False,26179.090909090908,26179.090909090908,0.0,37460.32090909091,True
KEF-LHR-20261125,KEF-LHR,49,127,0.0,20.0,261.0,100.3030303030303,120.36363636363635,False,31414.909090909085,26179.090909090908,5235.8181818181765,42696.139090909084,True
KEF-LHR-20261125,KEF-LHR,49,127,10.0,-20.0,287.1,100.3030303030303,80.24242424242425,False,23037.600000000002,26179.090909090908,-3141.490909090906,34318.83,True
KEF-LHR-20261125,KEF-LHR,49,127,10.0,0.0,287.1,100.3030303030303,100.3030303030303,False,28797.0,26179.090909090908,2617.909090909092,40078.229999999996,True
KEF-LHR-20261125,KEF-LHR,49,127,10.0,20.0,287.1,100.3030303030303,120.36363636363635,False,34556.399999999994,26179.090909090908,8377.309090909086,45837.62999999999,True
KEF-CPH-20261128,KEF-CPH,52,128,-10.0,-20.0,182.70000000000002,98.7878787878788,79.03030303030305,False,14438.836363636368,20053.939393939396,-5615.1030303030275,22874.526363636367,True
KEF-CPH-20261128,KEF-CPH,52,128,-10.0,0.0,182.70000000000002,98.7878787878788,98.7878787878788,False,18048.54545454546,20053.939393939396,-2005.3939393939363,26484.23545454546,True
KEF-CPH-20261128,KEF-CPH,52,128,-10.0,20.0,182.70000000000002,98.7878787878788,118.54545454545455,False,21658.254545454547,20053.939393939396,1604.3151515151512,30093.94454545455,True
KEF-CPH-20261128,KEF-CPH,52,128,0.0,-20.0,203.0,98.7878787878788,79.03030303030305,False,16043.151515151518,20053.939393939396,-4010.787878787878,24478.84151515152,True
KEF-CPH-20261128,KEF-CPH,52,128,0.0,0.0,203.0,98.7878787878788,98.7878787878788,False,20053.939393939396,20053.939393939396,0.0,28489.629393939395,True
KEF-CPH-20261128,KEF-CPH,52,128,0.0,20.0,203.0,98.7878787878788,118.54545454545455,False,24064.727272727272,20053.939393939396,4010.7878787878763,32500.417272727274,True
KEF-CPH-20261128,KEF-CPH,52,128,10.0,-20.0,223.3,98.7878787878788,79.03030303030305,False,17647.46666666667,20053.939393939396,-2406.472727272725,26083.15666666667,True
KEF-CPH-20261128,KEF-CPH,52,128,10.0,0.0,223.3,98.7878787878788,98.7878787878788,False,22059.333333333336,20053.939393939396,2005.39393939394,30495.023333333338,True
KEF-CPH-20261128,KEF-CPH,52,128,10.0,20.0,223.3,98.7878787878788,118.54545454545455,False,26471.2,20053.939393939396,6417.260606060605,34906.89,True
KEF-JFK-20261128,KEF-JFK,52,178,-10.0,-20.0,456.75,147.63636363636363,118.10909090909091,False,53946.32727272727,74925.45454545454,-20979.127272727274,78819.81727272728,True
KEF-JFK-20261128,KEF-JFK,52,178,-10.0,0.0,456.75,147.63636363636363,147.63636363636363,False,67432.90909090909,74925.45454545454,-7492.545454545456,92306.3990909091,True
KEF-JFK-20261128,KEF-JFK,52,178,-10.0,20.0,456.75,147.63636363636363,177.16363636363636,False,80919.4909090909,74925.45454545454,5994.036363636362,105792.98090909091,True
KEF-JFK-20261128,KEF-JFK,52,178,0.0,-20.0,507.5,147.63636363636363,118.10909090909091,False,59940.36363636364,74925.45454545454,-14985.090909090904,84813.85363636364,True
KEF-JFK-20261128,KEF-JFK,52,178,0.0,0.0,507.5,147.63636363636363,147.63636363636363,False,74925.45454545454,74925.45454545454,0.0,99798.94454545455,True
KEF-JFK-20261128,KEF-JFK,52,178,0.0,20.0,507.5,147.63636363636363,177.16363636363636,False,89910.54545454546,74925.45454545454,14985.090909090912,114784.03545454546,True
KEF-JFK-20261128,KEF-JFK,52,178,10.0,-20.0,558.25,147.63636363636363,118.10909090909091,False,65934.4,74925.45454545454,-8991.05454545455,90807.89,True
KEF-JFK-20261128,KEF-JFK,52,178,10.0,0.0,558.25,147.63636363636363,147.63636363636363,False,82418.0,74925.45454545454,7492.545454545456,107291.49,True
KEF-JFK-20261128,KEF-JFK,52,178,10.0,20.0,558.25,147.63636363636363,177.16363636363636,False,98901.59999999999,74925.45454545454,23976.145454545447,123775.09,True
KEF-LHR-20261128,KEF-LHR,52,138,-10.0,-20.0,234.9,104.72727272727272,83.78181818181818,False,19680.34909090909,27333.81818181818,-7653.46909090909,28659.789090909093,True
KEF-LHR-20261128,KEF-LHR,52,138,-10.0,0.0,234.9,104.72727272727272,104.72727272727272,False,24600.436363636363,27333.81818181818,-2733.381818181817,33579.876363636366,True
KEF-LHR-20261128,KEF-LHR,52,138,-10.0,20.0,234.9,104.72727272727272,125.67272727272726,False,29520.523636363632,27333.81818181818,2186.705454545452,38499.96363636363,True
KEF-LHR-20261128,KEF-LHR,52,138,0.0,-20.0,261.0,104.72727272727272,83.78181818181818,False,21867.054545454546,27333.81818181818,-5466.763636363634,30846.494545454545,True
KEF-LHR-20261128,KEF-LHR,52,138,0.0,0.0,261.0,104.72727272727272,104.72727272727272,False,27333.81818181818,27333.81818181818,0.0,36313.25818181818,True
KEF-LHR-20261128,KEF-LHR,52,138,0.0,20.0,261.0,104.72727272727272,125.67272727272726,False,32800.58181818182,27333.81818181818,5466.7636363636375,41780.02181818182,True
KEF-LHR-20261128,KEF-LHR,52,138,10.0,-20.0,287.1,104.72727272727272,83.78181818181818,False,24053.760000000002,27333.81818181818,-3280.058181818178,33033.200000000004,True
KEF-LHR-20261128,KEF-LHR,52,138,10.0,0.0,287.1,104.72727272727272,104.72727272727272,False,30067.2,27333.81818181818,2733.3818181818206,39046.64,True
KEF-LHR-20261128,KEF-LHR,52,138,10.0,20.0,287.1,104.72727272727272,125.67272727272726,False,36080.64,27333.81818181818,8746.82181818182,45060.08,True
