flight_id,route,departure_date,capacity,base_fare_eur,is_synthetic,passengers_d14,revenue_d14_eur,load_factor_d14_pct,average_fare_d14_eur,historical_flights,benchmark_load_factor_d14_pct,gap_vs_history_pp
KEF-CPH-20261020,KEF-CPH,2026-10-20,180,140,True,99,17175.07,55.0,173.48555555555555,33,69.05723905723906,-14.057239057239059
KEF-CPH-20261008,KEF-CPH,2026-10-08,180,140,True,101,18027.26,56.111111111111114,178.4877227722772,33,69.05723905723906,-12.946127946127945
KEF-JFK-20261017,KEF-JFK,2026-10-17,240,350,True,157,71291.0,65.41666666666667,454.0828025477707,33,76.86868686868686,-11.452020202020194
KEF-CPH-20261017,KEF-CPH,2026-10-17,180,140,True,117,20576.55,65.0,175.8679487179487,33,69.05723905723906,-4.057239057239059
KEF-JFK-20261014,KEF-JFK,2026-10-14,240,350,True,178,80874.12,74.16666666666667,454.3489887640449,33,76.86868686868686,-2.7020202020201936
KEF-JFK-20261008,KEF-JFK,2026-10-08,240,350,True,179,80185.78,74.58333333333333,447.96525139664806,33,76.86868686868686,-2.2853535353535364
KEF-LHR-20261008,KEF-LHR,2026-10-08,180,180,True,129,29592.56,71.66666666666667,229.39968992248063,33,72.79461279461279,-1.1279461279461174
KEF-LHR-20261011,KEF-LHR,2026-10-11,180,180,True,130,29873.89,72.22222222222223,229.79915384615384,33,72.79461279461279,-0.5723905723905602
KEF-CPH-20261011,KEF-CPH,2026-10-11,180,140,True,125,22046.85,69.44444444444444,176.3748,33,69.05723905723906,0.387205387205384
KEF-CPH-20261014,KEF-CPH,2026-10-14,180,140,True,125,22278.69,69.44444444444444,178.22951999999998,33,69.05723905723906,0.387205387205384
KEF-LHR-20261014,KEF-LHR,2026-10-14,180,180,True,133,30787.72,73.88888888888889,231.48661654135338,33,72.79461279461279,1.094276094276097
KEF-LHR-20261017,KEF-LHR,2026-10-17,180,180,True,140,32655.06,77.77777777777777,233.25042857142859,33,72.79461279461279,4.983164983164983
KEF-JFK-20261020,KEF-JFK,2026-10-20,240,350,True,198,89272.13,82.5,450.8693434343435,33,76.86868686868686,5.631313131313135
KEF-LHR-20261020,KEF-LHR,2026-10-20,180,180,True,149,34072.47,82.77777777777777,228.67429530201343,33,72.79461279461279,9.983164983164983
KEF-JFK-20261011,KEF-JFK,2026-10-11,240,350,True,212,95992.27,88.33333333333333,452.79372641509434,33,76.86868686868686,11.464646464646464
